"Season","Age","Tm","Lg","Pos","G","GS","MP","FG","FGA","FG.","X3P","X3PA","X3P.","X2P","X2PA","X2P.","eFG.","FT","FTA","FT.","ORB","DRB","TRB","AST","STL","BLK","TOV","PF","PTS","player","ID"
"2020-21",21,"MIA","NBA","PF","61","4","12.1","2","3.7","0.544","0","0","0","2","3.7","0.546","0.544","0.9","1.8","0.509","1.2","2.2","3.4","0.5","0.3","0.5","0.7","1.5","5","Precious Achiuwa","achiupr01"
"2020-21",27,"NOP","NBA","C","58","58","27.7","3.3","5.3","0.614","0","0.1","0","3.3","5.3","0.62","0.614","1","2.3","0.444","3.7","5.2","8.9","1.9","0.9","0.7","1.3","1.9","7.6","Steven Adams","adamsst01"
"2020-21",23,"MIA","NBA","C","64","64","33.5","7.1","12.5","0.57","0","0.1","0.25","7.1","12.4","0.573","0.571","4.4","5.5","0.799","2.2","6.7","9","5.4","1.2","1","2.6","2.3","18.7","Bam Adebayo","adebaba01"
"2020-21",22,"NOP","NBA","SG","46","13","21.9","4.2","10","0.419","1.7","4.8","0.347","2.5","5.2","0.485","0.502","1","1.4","0.727","0.3","2.8","3.1","2.2","1","0.5","1.5","1.9","11","Nickeil Alexander-Walker","alexani01"
"2020-21",25,"MEM","NBA","SG","50","38","25.2","3.5","8.3","0.418","2.1","5.5","0.391","1.3","2.8","0.471","0.547","1.6","1.8","0.868","0.4","2.8","3.2","2.2","0.9","0.2","1","1.4","10.6","Grayson Allen","allengr01"
"2020-21",22,"TOT","NBA","C","63","45","29.6","4.7","7.7","0.618","0.1","0.3","0.316","4.6","7.3","0.631","0.624","3.2","4.6","0.703","3.1","6.9","10","1.7","0.5","1.4","1.6","1.5","12.8","Jarrett Allen","allenja01"
"2020-21",22,"BRK","NBA","C","12","5","26.7","3.7","5.4","0.677","0","0",NA,"3.7","5.4","0.677","0.677","3.8","5.1","0.754","3.2","7.3","10.4","1.7","0.6","1.6","1.8","1.8","11.2","Jarrett Allen","allenja01"
"2020-21",22,"CLE","NBA","C","51","40","30.3","5","8.2","0.609","0.1","0.4","0.316","4.9","7.8","0.623","0.616","3.1","4.5","0.69","3.1","6.8","9.9","1.7","0.5","1.4","1.5","1.5","13.2","Jarrett Allen","allenja01"
"2020-21",27,"MEM","NBA","PF","69","69","27.3","4.5","9.5","0.468","1.4","3.8","0.36","3.1","5.8","0.539","0.54","2.1","2.7","0.783","0.8","5","5.7","3.6","1.2","0.8","1.2","1.7","12.4","Kyle Anderson","anderky01"
"2020-21",26,"MIL","NBA","PF","61","61","33","10.3","18","0.569","1.1","3.6","0.303","9.2","14.4","0.636","0.6","6.5","9.5","0.685","1.6","9.4","11","5.9","1.2","1.2","3.4","2.8","28.1","Giannis Antetokounmpo","antetgi01"
"2020-21",28,"MIL","NBA","SF","57","3","9.7","1.2","2.4",".489","0.1","0.5",".241","1.1","1.9",".556",".515","0.4","0.9",".510","0.9","1.2","2.2","0.8","0.4","0.2","0.8","1.3","2.9","Thanasis Antetokounmpo","antetth01"
"2020-21",20,"ORL","NBA","PG","47","34","27.1","4.7","11.7","0.397","1.2","3.7","0.337","3.4","8.1","0.424","0.449","2.3","2.8","0.832","0.8","3.9","4.7","4.1","0.6","0.4","2.3","2.1","12.9","Cole Anthony","anthoco01"
"2020-21",23,"TOR","NBA","SF","43","43","33.3","5.8","12.1","0.48","2.4","6.1","0.398","3.4","6","0.562","0.58","1.9","2.4","0.784","1.3","4.3","5.5","2.2","1.5","0.7","1.7","2.7","15.9","OG Anunoby","anunoog01"
"2020-21",26,"CHI","NBA","PG","44","0","10.2","1.1","2.7","0.419","0.6","1.5","0.373","0.5","1.1","0.48","0.526","0.3","0.5","0.65","0.1","1.4","1.5","1.3","0.2","0","0.2","1.1","3.1","Ryan Arcidiacono","arcidry01"
"2020-21",20,"WAS","NBA","SF","54","32","23.3","2.4","5.8","0.417","1","3.1","0.315","1.4","2.7","0.535","0.502","0.5","0.8","0.644","0.4","4.4","4.9","1.2","0.6","0.3","0.6","2.6","6.3","Deni Avdija","avdijde01"
"2020-21",22,"PHO","NBA","C","69","69","30.7","6.2","10","0.626","0.1","0.3","0.2","6.2","9.7","0.639","0.629","1.9","2.5","0.769","3.3","7.2","10.5","1.4","0.6","1.2","1.5","2.8","14.4","Deandre Ayton","aytonde01"
"2020-21",21,"UTA","NBA","C","15","0","3.8","0.3","0.6","0.444","0","0",NA,"0.3","0.6","0.444","0.444","0.5","0.7","0.8","0.3","0.6","0.9","0","0.1","0.3","0.2","0.6","1.1","Udoka Azubuike","azubuud01"
"2020-21",21,"SAC","NBA","PF","43","42","25.9","5.7","11.4","0.504","0.9","2.5","0.343","4.9","8.9","0.55","0.542","1.8","3.1","0.575","2.5","4.9","7.4","1","0.5","0.5","1.4","2.3","14.1","Marvin Bagley III","baglema01"
"2020-21",19,"CHO","NBA","PG","51","31","28.8","5.7","13.2","0.436","1.8","5.1","0.352","3.9","8.1","0.489","0.504","2.5","3.2","0.758","1.2","4.7","5.9","6.1","1.6","0.4","2.8","2.7","15.7","LaMelo Ball","ballla01"
"2020-21",22,"ORL","NBA","C","46","5","15.8","3.1","6.5","0.472","0.8","2.6","0.322","2.3","4","0.568","0.535","1","1.4","0.682","1.7","4.1","5.8","0.8","0.3","1.3","0.8","1.9","8","Mo Bamba","bambamo01"
"2020-21",22,"MEM","NBA","SG","68","17","22.3","3.4","7.3","0.469","1.7","4","0.432","1.7","3.4","0.513","0.586","0.6","0.7","0.816","0.5","2.6","3.1","1.7","0.6","0.2","0.9","1.8","9.2","Desmond Bane","banede01"
"2020-21",28,"SAC","NBA","PF","58","58","36.2","5.5","11.1","0.497","1.7","4.4","0.391","3.8","6.7","0.567","0.575","3.4","4.1","0.83","1.1","5.5","6.6","3.5","0.7","0.2","1.6","1.3","16.1","Harrison Barnes","barneha02"
"2020-21",20,"NYK","NBA","SG","72","72","34.9","6.5","14.7","0.441","1.7","4.3","0.401","4.8","10.4","0.457","0.499","2.9","3.8","0.746","0.9","4.8","5.8","3","0.7","0.3","1.9","2.6","17.6","RJ Barrett","barrerj01"
"2020-21",30,"DEN","NBA","SF","56","52","31","4.6","10.9","0.426","1.8","4.6","0.381","2.9","6.3","0.459","0.507","1.7","2.2","0.785","0.7","3.3","4","3.2","0.9","0.4","1.7","1.7","12.7","Will Barton","bartowi01"
"2020-21",25,"SAS","NBA","SF","30","0","8.2","1","2.2","0.448","0.2","0.6","0.294","0.8","1.7","0.5","0.485","0.5","0.7","0.667","0.3","1.3","1.6","0.4","0.4","0.2","0.2","0.4","2.6","Keita Bates-Diop","bateske01"
"2020-21",32,"LAC","NBA","SF","67","38","27.4","2.9","6.1","0.464","1.6","4.1","0.404","1.2","2.1","0.579","0.597","0.7","0.9","0.828","0.7","4","4.7","2.2","1","0.6","0.8","1.5","8.1","Nicolas Batum","batumni01"
"2020-21",20,"OKC","NBA","PF","55","55","31.2","5","12.5","0.396","1.5","5.2","0.29","3.5","7.3","0.47","0.456","2.3","3.2","0.702","0.9","6.3","7.2","1.8","0.5","0.5","2.2","1.1","13.7","Darius Bazley","bazleda01"
"2020-21",27,"WAS","NBA","SG","60","60","35.8","11.2","23","0.485","2.2","6.2","0.349","9","16.8","0.535","0.532","6.8","7.7","0.889","1.2","3.5","4.7","4.4","1.2","0.4","3.1","2.3","31.3","Bradley Beal","bealbr01"
"2020-21",24,"MIN","NBA","SG","37","36","32.8","7.1","16.2","0.44","3.5","8.7","0.399","3.7","7.5","0.487","0.547","1.8","2.2","0.85","0.8","3.6","4.4","2.4","0.8","0.2","1.6","1.7","19.6","Malik Beasley","beaslma01"
"2020-21",28,"WAS","NBA","PF","57","7","25.7","3.4","8.4","0.404","3","7.5","0.395","0.4","0.9","0.48","0.581","1.8","2","0.87","0.3","2.6","2.9","0.9","0.6","0.2","0.6","2.4","11.5","Dāvis Bertāns","bertada01"
"2020-21",32,"LAC","NBA","PG","37","34","22.5","2.5","5.9",".423","1.5","3.8",".397","1.0","2.1",".468",".550","1.0","1.2",".800","0.8","2.4","3.2","2.1","0.8","0.8","0.9","2.9","7.5","Patrick Beverley","beverpa01"
"2020-21",21,"DET","NBA","SF","70","53","27.3","4","9.9","0.404","2.5","6.6","0.38","1.5","3.3","0.45","0.53","1.8","2.1","0.844","0.6","3.9","4.5","1.4","0.7","0.2","0.9","1.6","12.2","Saddiq Bey","beysa01"
"2020-21",28,"TOT","NBA","C","67","22","22.8","2.8","5.7","0.497","0.2","0.8","0.25","2.6","4.9","0.537","0.514","1.4","1.9","0.705","2.6","3.2","5.8","1.3","0.7","0.7","0.7","1.7","7.2","Khem Birch","birchkh01"
"2020-21",28,"ORL","NBA","C","48","5","19.8","2","4.4","0.45","0.1","0.4","0.19","1.9","3.9","0.479","0.459","1.3","1.8","0.741","2.4","2.6","5.1","1.1","0.7","0.6","0.5","1.4","5.3","Khem Birch","birchkh01"
"2020-21",28,"TOR","NBA","C","19","17","30.4","5","9","0.556","0.5","1.6","0.29","4.5","7.4","0.614","0.582","1.5","2.3","0.636","3","4.6","7.6","1.9","0.8","1.2","1.1","2.4","11.9","Khem Birch","birchkh01"
"2020-21",21,"IND","NBA","C","45","3","12.5","1.8","4.3","0.428","0.4","1.8","0.253","1.4","2.6","0.548","0.479","1","1.4","0.738","1.3","2","3.3","0.8","0.2","1.3","0.4","2.1","5.1","Goga Bitadze","bitadgo01"
"2020-21",28,"CHO","NBA","C","66","36","20.4","2.2","3.7","0.587","0","0","0","2.2","3.7","0.589","0.587","0.7","1.6","0.448","2.1","3.2","5.3","1.2","0.3","1.1","1.1","2.1","5","Bismack Biyombo","biyombi01"
"2020-21",28,"ATL","NBA","SG","44","27","29.7","6.1","12.8",".473","3.3","7.6",".438","2.8","5.3",".522",".602","0.9","1.0",".909","0.5","3.2","3.6","3.3","1.1","0.3","1.2","2.3","16.4","Bogdan Bogdanović","bogdabo01"
"2020-21",31,"UTA","NBA","SF","72","72","30.8","5.6","12.8",".439","2.5","6.4",".390","3.1","6.4",".487",".536","3.2","3.7",".879","0.6","3.3","3.9","1.9","0.6","0.1","1.8","1.6","17.0","bojan bogdanovic","bogdabo02"
"2020-21",21,"DEN","NBA","PF","32","2","5","0.8","1.8","0.431","0.3","0.8","0.375","0.5","1.1","0.471","0.509","0.3","0.5","0.667","0","0.8","0.8","0.2","0.1","0.3","0.4","0.4","2.2","Bol Bol","bolbo01"
"2020-21",24,"PHO","NBA","SG","67","67","33.9","9.3","19.2","0.484","1.9","5.5","0.34","7.4","13.7","0.543","0.533","5.1","5.9","0.867","0.5","3.7","4.2","4.3","0.8","0.2","3.1","2.7","25.6","Devin Booker","bookede01"
"2020-21",28,"TOR","NBA","C","60","14","24.2","4.8","9.3","0.514","1.5","3.9","0.383","3.3","5.4","0.609","0.595","2.5","3.2","0.788","2","4.8","6.7","1.1","0.6","1.9","0.8","2.8","13.6","Chris Boucher","bouchch01"
"2020-21",23,"TOT","NBA","C","42","8","16.3","3.1","4.7","0.665","0","0.1","0","3.1","4.6","0.675","0.665","0.9","1.3","0.691","2","3.7","5.7","0.9","0.4","0.7","0.8","1.5","7.1","Tony Bradley","bradlto01"
"2020-21",23,"PHI","NBA","C","20","8","14.4","2.6","3.8","0.68","0","0.1","0","2.6","3.7","0.689","0.68","0.4","0.6","0.636","2","3.3","5.2","0.9","0.3","0.7","0.3","1.4","5.5","Tony Bradley","bradlto01"
"2020-21",23,"OKC","NBA","C","22","0","18","3.6","5.5","0.656","0","0.1","0","3.6","5.5","0.667","0.656","1.4","2","0.705","2.1","4","6.1","0.9","0.4","0.8","1.2","1.5","8.7","Tony Bradley","bradlto01"
"2020-21",24,"UTA","NBA","PF","28","0","4.9","0.9","1.9","0.481","0.4","1","0.429","0.5","0.9","0.542","0.596","0.1","0.1","1","0.3","0.6","1","0.5","0.3","0.1","0.3","0.6","2.3","Jarrell Brantley","brantja01"
"2020-21",24,"PHO","NBA","SF","72","72","32.6","5","9.3","0.543","1.9","4.4","0.425","3.2","4.9","0.647","0.643","1.5","1.8","0.84","1.1","3.2","4.3","2.1","1.1","0.9","0.8","1.6","13.5","Mikal Bridges","bridgmi01"
"2020-21",22,"IND","NBA","SF","21","16","24.7","3.5","7.2","0.483","1.6","3.7","0.423","1.9","3.5","0.548","0.593","2.4","3.1","0.769","1.4","4.1","5.5","0.9","0.9","1","0.5","1.5","10.9","Oshae Brissett","brissos01"
"2020-21",28,"IND","NBA","PG","56","56","34.5","7.9","17.5","0.453","2.6","6.7","0.388","5.3","10.8","0.493","0.527","2.7","3.2","0.864","1","4.2","5.3","5.9","0.9","0.3","2.1","2","21.2","Malcolm Brogdon","brogdma01"
"2020-21",25,"MEM","NBA","SF","67","67","29.8","6.4","15.4","0.419","1.9","5.6","0.344","4.5","9.8","0.461","0.481","2.4","2.9","0.815","0.8","2.1","2.9","2.3","1.2","0.4","1.8","3.5","17.2","Dillon Brooks","brookdi01"
"2020-21",24,"BRK","NBA","PG","65","37","22.3","3.6","6.5","0.556","0.3","0.9","0.288","3.4","5.6","0.599","0.576","1.3","1.8","0.735","1.7","3.7","5.4","1.6","0.9","0.4","0.8","2.2","8.8","Bruce Brown","brownbr01"
"2020-21",24,"BOS","NBA","SG","58","58","34.5","9.3","19.2","0.484","2.8","7.1","0.397","6.5","12.1","0.536","0.558","3.3","4.3","0.764","1.2","4.8","6","3.4","1.2","0.6","2.7","2.9","24.7","Jaylen Brown","brownja02"
"2020-21",21,"OKC","NBA","C","43","32","21.4","3.4","6.2","0.545","0","0",NA,"3.4","6.2","0.545","0.545","1.8","2.9","0.619","3.6","5.3","8.9","0.2","0.7","1.1","1","2.2","8.6","Moses Brown","brownmo01"
"2020-21",25,"HOU","NBA","SG","51","14","24.1","2.9","6.6","0.448","1.8","4.2","0.423","1.2","2.4","0.492","0.584","0.5","0.6","0.806","0.7","3.6","4.4","1.4","0.7","0.2","0.8","1.9","8.2","Sterling Brown","brownst02"
"2020-21",21,"TOT","NBA","SF","34","0","15.4","1.8","4.2","0.431","0.6","2.1","0.314","1.2","2.2","0.541","0.507","0.4","0.6","0.714","0.6","2.5","3.1","0.9","0.3","0.2","0.6","1.4","4.7","Troy Brown Jr.","browntr01"
"2020-21",21,"WAS","NBA","SF","21","0","13.7","1.6","4.2","0.371","0.7","2.2","0.304","0.9","2","0.442","0.449","0.5","0.7","0.667","0.5","2.4","2.9","0.9","0.1","0.2","0.8","1.4","4.3","Troy Brown Jr.","browntr01"
"2020-21",21,"CHI","NBA","SF","13","0","18.2","2.2","4.2","0.527","0.6","1.8","0.333","1.6","2.4","0.677","0.6","0.4","0.5","0.833","0.7","2.7","3.4","0.8","0.5","0.2","0.4","1.5","5.5","Troy Brown Jr.","browntr01"
"2020-21",24,"DAL","NBA","PG","68","12","25","4.8","9.2","0.523","1.2","2.9","0.405","3.6","6.3","0.578","0.588","1.8","2.2","0.795","0.4","3","3.4","3.5","0.5","0","1.2","1.6","12.6","Jalen Brunson","brunsja01"
"2020-21",23,"WAS","NBA","C","10","10","27.1","5.9","9.1","0.648","0.9","2.1","0.429","5","7","0.714","0.698","1.6","2.4","0.667","1.8","4.3","6.1","1.5","0.4","0.8","1.1","3.1","14.3","Thomas Bryant","bryanth01"
"2020-21",29,"NYK","NBA","SF","65","64","30","3.8","8.6","0.442","2.5","6.1","0.41","1.3","2.5","0.521","0.587","0.8","0.8","0.909","0.2","3.2","3.4","1.5","0.8","0.2","0.7","2.2","10.9","Reggie Bullock","bullore01"
"2020-21",29,"NYK","NBA","SG","49","5","25.6","4.3","10.2","0.42","2.1","5","0.415","2.2","5.2","0.425","0.522","2.1","2.4","0.856","0.4","4.2","4.6","2.2","0.6","0.3","1","2.1","12.7","Alec Burks","burksal01"
"2020-21",31,"MIA","NBA","SF","52","52","33.6","7","14.2","0.497","0.5","2","0.245","6.6","12.2","0.538","0.514","6.9","8","0.863","1.8","5.1","6.9","7.1","2.1","0.3","2.1","1.4","21.5","Jimmy Butler","butleji01"
"2020-21",27,"LAL","NBA","SG","67","67","28.4","3.3","7.6","0.431","1.8","4.4","0.41","1.5","3.2","0.46","0.549","1.4","1.7","0.866","0.4","2.3","2.7","1.9","0.9","0.4","1","1.7","9.7","Kentavious Caldwell-Pope","caldwke01"
"2020-21",29,"DEN","NBA","PG","65","19","21.9","1.8","4.8","0.381","1.2","3.3","0.352","0.7","1.5","0.444","0.502","1.2","1.4","0.879","0.3","1.7","2.1","3.6","1.2","0.2","1.1","2","6.1","Facundo Campazzo","campafa01"
"2020-21",23,"DEN","NBA","PF","41","1","6.9","0.8","1.8","0.458","0.2","0.8","0.273","0.6","1","0.615","0.521","0.2","0.3","0.769","0.3","1","1.2","0.3","0.3","0","0.3","0.4","2.1","Vlatko Čančar","cancavl01"
"2020-21",26,"ATL","NBA","C","63","63","30.1","6.6","11","0.594","0","0",NA,"6.6","11","0.594","0.594","2.1","3.6","0.573","4.7","9.6","14.3","0.8","0.7","2","1.2","2.3","15.2","Clint Capela","capelca01"
"2020-21",19,"CHO","NBA","C","19","4","6.1","0.9","1.9","0.5","0.1","0.4","0.143","0.9","1.5","0.586","0.514","0.5","0.6","0.818","0.3","1.1","1.4","0.1","0.1","0.3","0.3","0.7","2.4","Vernon Carey Jr.","careyve01"
"2020-21",25,"PHO","NBA","PG","60","1","12","1.6","3.7","0.422","0.9","2.5","0.371","0.6","1.2","0.528","0.547","0.1","0.1","0.571","0.3","1.3","1.5","1.2","0.5","0.2","0.3","0.9","4.1","Jevon Carter","carteje01"
"2020-21",21,"TOT","NBA","C","54","44","25.5","4.3","8.5","0.503","0.3","0.9","0.294","4","7.5","0.53","0.52","2.4","3.3","0.732","2.4","5.8","8.2","1.9","0.6","0.8","1.4","2.7","11.2","Wendell Carter Jr.","cartewe01"
"2020-21",21,"CHI","NBA","C","32","25","24.8","4","7.9","0.512","0.3","0.7","0.364","3.8","7.2","0.526","0.528","2.6","3.5","0.739","2.2","5.6","7.8","2.2","0.6","0.8","1.5","3","10.9","Wendell Carter Jr.","cartewe01"
"2020-21",21,"ORL","NBA","C","22","19","26.5","4.6","9.3","0.493","0.3","1.3","0.241","4.3","8","0.534","0.51","2.2","3.1","0.721","2.8","6","8.8","1.6","0.8","0.8","1.3","2.3","11.7","Wendell Carter Jr.","cartewe01"
"2020-21",29,"ORL","NBA","SG","31","25","25.8","3.4","8.7","0.389","0.5","2","0.246","2.9","6.7","0.431","0.417","1.6","2.6","0.613","1.3","3.2","4.5","4.2","0.8","0.5","2.2","2.6","8.8","Michael Carter-Williams","cartemi01"
"2020-21",26,"LAL","NBA","PG","58","6","21","2.3","5.3","0.436","0.9","2.4","0.401","1.3","2.9","0.464","0.526","0.8","1.3","0.645","0.5","2.4","2.9","2.8","1.1","0.3","1.3","1.9","6.4","Alex Caruso","carusal01"
"2020-21",24,"MEM","NBA","PF","59","16","24","4.3","8.4","0.517","0.3","1.3","0.26","4","7.1","0.565","0.537","1.3","1.9","0.69","1.6","3.9","5.6","1.6","1","0.9","0.6","1.4","10.3","Brandon Clarke","clarkbr01"
"2020-21",28,"UTA","NBA","SG","68","1","26.7","6.7","15.8","0.425","3.1","8.8","0.347","3.7","7","0.523","0.522","1.9","2.1","0.896","0.7","3.3","4","2.5","0.9","0.1","1.7","1.6","18.4","Jordan Clarkson","clarkjo01"
"2020-21",21,"BRK","NBA","C","32","1","18.6","2.8","4.5","0.621","0","0.2","0.2","2.8","4.4","0.636","0.624","1","2","0.484","1.3","3.8","5.2","0.9","0.7","1.3","0.6","2.1","6.6","Nic Claxton","claxtni01"
"2020-21",23,"LAC","NBA","SG","44","1","9","1","2.3","0.437","0.5","1.3","0.411","0.5","1.1","0.468","0.549","0.6","0.9","0.711","0.2","0.8","1","0.5","0.2","0","0.3","0.7","3.2","Amir Coffey","coffeam01"
"2020-21",23,"ATL","NBA","PF","63","63","29.3","6.8","12.2","0.556","1.3","3.3","0.399","5.5","8.9","0.615","0.61","2.7","3.2","0.833","1.9","5.5","7.4","1.2","0.5","1","1.3","3.1","17.6","John Collins","collijo01"
"2020-21",23,"Did Not Play (injury—ankle)","Did Not Play (injury—ankle)","Did Not Play (injury—ankle)","Did Not Play (injury—ankle)","Did Not Play (injury—ankle)","Did Not Play (injury—ankle)","Did Not Play (injury—ankle)","Did Not Play (injury—ankle)","Did Not Play (injury—ankle)","Did Not Play (injury—ankle)","Did Not Play (injury—ankle)","Did Not Play (injury—ankle)","Did Not Play (injury—ankle)","Did Not Play (injury—ankle)","Did Not Play (injury—ankle)","Did Not Play (injury—ankle)","Did Not Play (injury—ankle)","Did Not Play (injury—ankle)","Did Not Play (injury—ankle)","Did Not Play (injury—ankle)","Did Not Play (injury—ankle)","Did Not Play (injury—ankle)","Did Not Play (injury—ankle)","Did Not Play (injury—ankle)","Did Not Play (injury—ankle)","Did Not Play (injury—ankle)","Did Not Play (injury—ankle)","Did Not Play (injury—ankle)","Zach Collins","colliza01"
"2020-21",33,"UTA","NBA","PG","51","51","29.4","5.6","12.5","0.444","2.7","6.6","0.412","2.9","6","0.479","0.552","2.4","2.8","0.852","0.7","2.8","3.5","6","1.4","0.2","1.9","1.9","16.2","Mike Conley","conlemi01"
"2020-21",28,"MIL","NBA","SG","69","4","22.8","2.4","5.6","0.434","1.5","3.9","0.371","1","1.7","0.583","0.565","0.4","0.6","0.775","0.9","3.9","4.8","1.2","0.7","0.3","0.5","1.4","6.8","Pat Connaughton","connapa01"
"2020-21",30,"POR","NBA","PF","70","70","32","2.9","7.3","0.401","1.9","5.1","0.379","1","2.2","0.451","0.533","0.7","0.9","0.806","0.9","5.8","6.7","1.7","1.4","1.2","0.9","2.8","8.5","Robert Covington","covinro01"
"2020-21",30,"TOT","NBA","SF","50","8","16.1","2.2","4.5","0.48","0.8","2.1","0.368","1.4","2.4","0.579","0.566","0.3","0.4","0.773","1.1","2.8","3.9","1","0.6","0.5","0.5","1.7","5.5","Torrey Craig","craigto01"
"2020-21",30,"MIL","NBA","SF","18","0","11.2","1","2.6","0.391","0.4","1.2","0.364","0.6","1.3","0.417","0.478","0.1","0.1","0.5","0.7","1.7","2.4","0.9","0.5","0.4","0.3","1.3","2.5","Torrey Craig","craigto01"
"2020-21",30,"PHO","NBA","SF","32","8","18.8","2.8","5.7","0.503","1","2.6","0.369","1.9","3","0.619","0.588","0.5","0.6","0.8","1.4","3.4","4.8","1","0.6","0.6","0.6","1.8","7.2","Torrey Craig","craigto01"
"2020-21",30,"PHO","NBA","PF","60","42","27.5","3.3","8.2","0.404","2.5","6.3","0.389","0.9","1.9","0.455","0.555","1","1.3","0.76","0.5","4.2","4.7","2.1","0.8","0.5","0.9","2.1","10.1","Jae Crowder","crowdja01"
"2020-21",21,"MIN","NBA","SG","34","7","14.7","2","4.9","0.411","0.4","1.6","0.245","1.6","3.4","0.487","0.449","0.9","1.4","0.604","1","2.1","3.1","0.7","0.5","0.3","0.8","1.7","5.3","Jarrett Culver","culveja01"
"2020-21",30,"PHI","NBA","SG","57","57","28.7","4.5","9.7",".467","2.2","4.9",".450","2.3","4.8",".485",".582","1.2","1.4",".896","0.2","2.2","2.4","2.7","0.8","0.1","1.1","1.7","12.5","Seth Curry","curryse01"
"2020-21",32,"GSW","NBA","PG","63","63","34.2","10.4","21.7","0.482","5.3","12.7","0.421","5.1","9","0.569","0.605","5.7","6.3","0.916","0.5","5","5.5","5.8","1.2","0.1","3.4","1.9","32","Stephen Curry","curryst01"
"2020-21",27,"LAL","NBA","PF","36","36","32.3","8.4","17","0.491","0.7","2.8","0.26","7.6","14.3","0.536","0.512","4.4","5.9","0.738","1.7","6.2","7.9","3.1","1.3","1.6","2.1","1.7","21.8","Anthony Davis","davisan02"
"2020-21",23,"TOT","NBA","SG","61","4","17.6","3.2","7.5","0.428","1.6","4.4","0.367","1.6","3.1","0.513","0.535","0.7","0.9","0.818","0.3","2.2","2.5","1.4","0.7","0.2","1","1.6","8.7","Terence Davis","daviste02"
"2020-21",23,"TOR","NBA","SG","34","4","14.5","2.6","6.2","0.414","1.3","3.6","0.361","1.3","2.6","0.489","0.519","0.5","0.5","0.889","0.3","1.7","1.9","1.1","0.5","0.2","0.9","1.4","6.9","Terence Davis","daviste02"
"2020-21",23,"SAC","NBA","SG","27","0","21.5","4","9.1","0.439","2","5.4","0.372","2","3.7","0.535","0.549","1.1","1.4","0.784","0.4","2.9","3.3","1.7","1","0.3","1.3","1.8","11.1","Terence Davis","daviste02"
"2020-21",31,"SAS","NBA","PF","61","61","33.7","7.5","15.1","0.495","0.3","1.2","0.257","7.1","13.9","0.515","0.505","6.3","7.2","0.88","0.7","3.6","4.2","6.9","0.9","0.2","2","2.1","21.6","DeMar DeRozan","derozde01"
"2020-21",31,"MIA","NBA","C","16","0","13.1","2.9","4.1","0.708","0.1","0.3","0.2","2.8","3.8","0.75","0.715","1.3","1.7","0.741","1.8","3.6","5.4","0.8","0.6","0.4","0.8","2.3","7.1","Dewayne Dedmon","dedmode01"
"2020-21",30,"CLE","NBA","PG","13","1","17.2","1.1","4.3",".250","0.3","1.9",".160","0.8","2.4",".323",".286","0.3","0.3","1.000","0.5","1.4","1.8","4.5","0.3","0.1","0.5","1.6","2.8","Matthew Dellavedova","dellama01"
"2020-21",24,"MIL","NBA","SG","66","66","27.5","3.8","9.1","0.42","2","5.2","0.379","1.8","3.9","0.475","0.528","0.8","1.1","0.718","1.2","4.5","5.8","3.1","1.1","0.2","1.4","1.7","10.4","Donte DiVincenzo","divindo01"
"2020-21",24,"MIL","NBA","PF","14","1","10.1","1.1","2.9","0.4","0.1","0.6","0.125","1.1","2.3","0.469","0.413","0.8","1","0.786","0.6","1.9","2.4","0.6","0.5","0.4","0.2","1.1","3.1","Mamadi Diakite","diakima01"
"2020-21",22,"TOT","NBA","SF,SG","52","9","23.6","4.3","9","0.477","0.5","1.6","0.341","3.8","7.5","0.505","0.506","2.5","3.8","0.64","1.1","4.1","5.2","1.9","0.8","0.5","1.5","2.6","11.6","Hamidou Diallo","diallha01"
"2020-21",22,"OKC","NBA","SG","32","5","23.8","4.5","9.3","0.481","0.4","1.3","0.293","4.1","8","0.512","0.502","2.6","4.1","0.629","1.2","4","5.2","2.4","1","0.4","1.5","2.6","11.9","Hamidou Diallo","diallha01"
"2020-21",22,"DET","NBA","SF","20","4","23.3","4.1","8.7","0.468","0.8","2.1","0.39","3.3","6.6","0.492","0.514","2.3","3.4","0.662","1.1","4.3","5.4","1.2","0.5","0.6","1.4","2.6","11.2","Hamidou Diallo","diallha01"
"2020-21",31,"TOT","NBA","C","38","1","14.5","2.2","4.3","0.521","0.8","1.8","0.429","1.4","2.4","0.591","0.613","1.5","1.8","0.866","1.1","2.6","3.7","1.3","0.7","0.4","0.8","1.5","6.8","Gorgui Dieng","dienggo01"
"2020-21",31,"MEM","NBA","C","22","1","16.9","2.5","4.9","0.519","1","2.2","0.479","1.5","2.7","0.55","0.625","1.7","2","0.884","1.3","3.2","4.5","1.3","0.8","0.6","1","1.7","7.9","Gorgui Dieng","dienggo01"
"2020-21",31,"SAS","NBA","C","16","0","11.3","1.8","3.4","0.527","0.4","1.4","0.318","1.4","2.1","0.667","0.591","1.3","1.5","0.833","0.8","1.9","2.6","1.2","0.6","0.1","0.6","1.1","5.3","Gorgui Dieng","dienggo01"
"2020-21",27,"BRK","NBA","SG","3","3","21.3","2","5.3","0.375","0.7","2.3","0.286","1.3","3","0.444","0.438","2","2","1","0","4.3","4.3","3","0.7","0.3","1.7","1.3","6.7","Spencer Dinwiddie","dinwisp01"
"2020-21",21,"DAL","NBA","PG","66","66","34.3","9.8","20.5","0.479","2.9","8.3","0.35","6.9","12.2","0.567","0.55","5.2","7.1","0.73","0.8","7.2","8","8.6","1","0.5","4.3","2.3","27.7","Luka Doncic","doncilu01"
"2020-21",24,"Did Not Play (other pro league—Israel)","Did Not Play (other pro league—Israel)","Did Not Play (other pro league—Israel)","Did Not Play (other pro league—Israel)","Did Not Play (other pro league—Israel)","Did Not Play (other pro league—Israel)","Did Not Play (other pro league—Israel)","Did Not Play (other pro league—Israel)","Did Not Play (other pro league—Israel)","Did Not Play (other pro league—Israel)","Did Not Play (other pro league—Israel)","Did Not Play (other pro league—Israel)","Did Not Play (other pro league—Israel)","Did Not Play (other pro league—Israel)","Did Not Play (other pro league—Israel)","Did Not Play (other pro league—Israel)","Did Not Play (other pro league—Israel)","Did Not Play (other pro league—Israel)","Did Not Play (other pro league—Israel)","Did Not Play (other pro league—Israel)","Did Not Play (other pro league—Israel)","Did Not Play (other pro league—Israel)","Did Not Play (other pro league—Israel)","Did Not Play (other pro league—Israel)","Did Not Play (other pro league—Israel)","Did Not Play (other pro league—Israel)","Did Not Play (other pro league—Israel)","Did Not Play (other pro league—Israel)","Tyler Dorsey","dorsety01"
"2020-21",21,"OKC","NBA","SG","52","52","29.7","4.8","12.3","0.387","2.2","6.3","0.343","2.6","6","0.432","0.475","2.3","3.2","0.744","0.7","2.9","3.6","1.7","0.9","0.4","1.5","2.6","14","Luguentz Dort","dortlu01"
"2020-21",21,"CHI","NBA","PG","11","0","4.5","1","1.9","0.524","0.1","0.6","0.143","0.9","1.3","0.714","0.548","0","0",NA,"0.2","0.3","0.5","0.6","0.4","0","0","0.3","2.1","Devon Dotson","dotsode01"
"2020-21",24,"DEN","NBA","SG","50","6","21.8","3","7.1","0.417","0.9","3","0.315","2","4.1","0.49","0.483","0.8","1.3","0.636","0.7","2.9","3.6","1.8","0.6","0.4","0.9","1.7","7.7","PJ Dozier","doziepj01"
"2020-21",34,"MIA","NBA","PG","50","11","26.7","4.8","11.1","0.432","1.8","4.9","0.373","3","6.2","0.479","0.514","2","2.4","0.828","0.5","2.9","3.4","4.4","0.7","0.2","2.4","2.3","13.4","Goran Dragić","dragigo01"
"2020-21",27,"TOT","NBA","C","46","46","27","6.1","12.4","0.493","0","0.2","0","6.1","12.3","0.5","0.493","2.7","4.5","0.6","3.6","8.4","12","2","1.4","1.1","2.7","3.2","14.9","Andre Drummond","drumman01"
"2020-21",27,"CLE","NBA","C","25","25","28.9","7.2","15.2","0.474","0","0.3","0","7.2","14.9","0.484","0.474","3.1","5.2","0.597","4","9.4","13.5","2.6","1.6","1.2","3.2","2.8","17.5","Andre Drummond","drumman01"
"2020-21",27,"LAL","NBA","C","21","21","24.8","4.9","9.1","0.531","0","0",NA,"4.9","9.1","0.531","0.531","2.2","3.6","0.605","3.1","7.1","10.2","1.4","1.1","1","2","3.8","11.9","Andre Drummond","drumman01"
"2020-21",26,"ATL","NBA","PG","4","0","11.3","0.3","3","0.083","0","0.5","0","0.3","2.5","0.1","0.083","0.8","1","0.75","0","1.5","1.5","0.5","0.5","0.5","0.8","2.5","1.3","Kris Dunn","dunnkr01"
"2020-21",32,"BRK","NBA","PF","35","32","33.1","9.3","17.2",".537","2.4","5.4",".450","6.8","11.8",".577",".608","6.0","6.8",".882","0.4","6.7","7.1","5.6","0.7","1.3","3.4","2.0","26.9","Kevin Durant","duranke01"
"2020-21",19,"MIN","NBA","SG","72","55","32.1","7","16.8","0.417","2.4","7.2","0.329","4.6","9.6","0.483","0.488","2.9","3.8","0.776","0.8","3.8","4.7","2.9","1.1","0.5","2.2","1.8","19.3","Anthony Edwards","edwaran01"
"2020-21",26,"PHI","NBA","C","51","51","31.1","9.0","17.6",".513","1.1","3.0",".377","7.9","14.6",".541",".545","9.2","10.7",".859","2.2","8.4","10.6","2.8","1.0","1.4","3.1","2.4","28.5","Joel Embiid","embiijo01"
"2020-21",23,"SAS","NBA","C","54","3","14","2.1","3.8","0.566","0","0","1","2.1","3.8","0.562","0.571","1.4","2","0.726","1.4","3.1","4.5","0.8","0.3","0.9","0.8","1.6","5.8","Drew Eubanks","eubandr01"
"2020-21",22,"ATL","NBA","C","33","0","6.8","0.5","1.3","0.409","0","0.1","0","0.5","1.3","0.429","0.409","0.5","0.7","0.682","0.5","1.9","2.4","0.3","0.1","0.1","0.6","0.7","1.5","Bruno Fernando","fernabr01"
"2020-21",27,"DAL","NBA","PF","60","60","32","3.7","7.8","0.472","2","5","0.394","1.7","2.7","0.616","0.6","0.5","0.7","0.756","1.6","3.8","5.4","1.7","0.9","0.4","0.8","2.3","9.8","Dorian Finney-Smith","finnedo01"
"2020-21",22,"TOR","NBA","PG","47","14","19.7","2.7","7.2","0.374","1.1","3.6","0.321","1.6","3.7","0.424","0.453","1","1.2","0.804","0.2","2.3","2.5","2.9","0.8","0.1","0.9","1.4","7.5","Malachi Flynn","flynnma01"
"2020-21",27,"MIL","NBA","SG","70","10","19.3","3.6","7.6","0.473","2.2","4.9","0.452","1.4","2.7","0.511","0.618","0.7","0.9","0.77","0.2","1.4","1.6","0.6","0.3","0","0.6","1.1","10","Bryn Forbes","forbebr01"
"2020-21",22,"UTA","NBA","PG","30","0","10.1","1.1","2.4","0.451","0.2","0.9","0.192","0.9","1.5","0.6","0.486","0.6","0.6","1","0.4","1.1","1.5","1.5","0.3","0.1","0.7","0.7","2.9","Trent Forrest","forretr01"
"2020-21",28,"TOT","NBA","SF,SG","42","36","30","5.9","12.9","0.457","2.8","6.7","0.413","3.1","6.1","0.504","0.565","2.6","3.3","0.788","0.2","2.8","3","3.4","1.1","0.5","1.7","2.3","17.1","Evan Fournier","fournev01"
"2020-21",28,"ORL","NBA","SF","26","26","30.3","6.5","14.2","0.461","2.8","7.2","0.388","3.7","7","0.536","0.56","3.8","4.7","0.797","0.2","2.7","2.9","3.7","1","0.3","2.1","2.1","19.7","Evan Fournier","fournev01"
"2020-21",28,"BOS","NBA","SG","16","10","29.5","4.8","10.8","0.448","2.8","5.9","0.463","2.1","4.8","0.429","0.576","0.6","0.9","0.714","0.3","3","3.3","3.1","1.3","0.6","1.2","2.6","13","Evan Fournier","fournev01"
"2020-21",23,"SAC","NBA","PG","58","58","35.1","9.1","19.1","0.477","1.8","5.5","0.322","7.3","13.6","0.539","0.523","5.2","7.2","0.719","0.6","2.9","3.5","7.2","1.5","0.5","3","2.9","25.2","De'Aaron Fox","foxde01"
"2020-21",22,"ORL","NBA","PG","8","8","26.9","5.1","13","0.394","0.5","2","0.25","4.6","11","0.42","0.413","2.1","2.4","0.895","0.6","2.5","3.1","5.4","1","0.3","2.3","2.3","12.9","Markelle Fultz","fultzma01"
"2020-21",23,"NOP","NBA","PF","21","0","11.5","1.1","2.9","0.4","0.6","1.5","0.406","0.5","1.3","0.393","0.508","0.5","0.8","0.647","1","1.6","2.6","0.5","0.4","0.4","0.7","1.5","3.4","Wenyen Gabriel","gabriwe01"
"2020-21",22,"TOT","NBA","C,PF","54","11","14.6","2.9","4.2","0.684","0","0",NA,"2.9","4.2","0.684","0.684","1.3","2","0.667","1.7","2.5","4.3","0.5","0.5","1.4","0.8","1.8","7","Daniel Gafford","gaffoda01"
"2020-21",22,"CHI","NBA","PF","31","11","12.4","1.9","2.8","0.69","0","0",NA,"1.9","2.8","0.69","0.69","0.9","1.3","0.659","1.4","1.9","3.3","0.5","0.4","1.1","0.7","1.7","4.7","Daniel Gafford","gaffoda01"
"2020-21",22,"WAS","NBA","C","23","0","17.7","4.1","6","0.681","0","0",NA,"4.1","6","0.681","0.681","2","2.9","0.672","2.2","3.4","5.6","0.5","0.7","1.8","0.8","1.9","10.1","Daniel Gafford","gaffoda01"
"2020-21",21,"CLE","NBA","PG","54","50","33.1","6.7","14.9","0.451","1.9","4.9","0.395","4.8","9.9","0.479","0.517","2.1","2.4","0.848","0.4","2","2.4","6.1","1.2","0.1","3","2","17.4","Darius Garland","garlada01"
"2020-21",34,"SAS","NBA","PF","63","1","21.6","4.2","10","0.42","1.7","4.4","0.381","2.5","5.6","0.451","0.505","1.3","1.6","0.804","0.7","4.1","4.8","1.4","0.7","0.6","1","1.8","11.4","Rudy Gay","gayru01"
"2020-21",30,"LAC","NBA","SF","54","54","33.7","8.2","17.6","0.467","3.2","7.7","0.411","5.1","9.9","0.51","0.557","3.7","4.2","0.868","0.8","5.8","6.6","5.2","1.1","0.4","3.3","2.4","23.3","Paul George","georgpa01"
"2020-21",35,"NYK","NBA","C","45","3","20.8","2.2","3.5","0.627","0.1","0.3","0.2","2.1","3.2","0.671","0.636","0.9","1.2","0.727","2.2","3.4","5.6","0.8","0.7","1.1","0.5","2.2","5.4","Taj Gibson","gibsota01"
"2020-21",22,"OKC","NBA","SG","35","35","33.7","8.2","16.1","0.508","2","4.9","0.418","6.2","11.3","0.547","0.571","5.3","6.5","0.808","0.5","4.2","4.7","5.9","0.8","0.7","3","2","23.7","Shai Gilgeous-Alexander","gilgesh01"
"2020-21",28,"WAS","NBA","PF","26","4","8.4","1.2","2.3","0.5","0.3","0.9","0.292","0.9","1.4","0.639","0.558","0.5","0.6","0.813","0.6","1.3","2","0.4","0.4","0.2","0.3","1","3.1","Anthony Gill","gillan01"
"2020-21",28,"UTA","NBA","C","71","71","30.8","5.5","8.2","0.675","0","0.1","0","5.5","8.1","0.68","0.675","3.3","5.3","0.623","3.4","10.1","13.5","1.3","0.6","2.7","1.7","2.3","14.3","Rudy Gobert","goberru01"
"2020-21",25,"TOT","NBA","PF","50","50","27.7","4.6","10","0.463","1.2","3.5","0.335","3.4","6.5","0.533","0.522","1.9","3","0.651","1.5","4.1","5.7","3.2","0.7","0.7","1.9","1.8","12.4","Aaron Gordon","gordoaa01"
"2020-21",25,"ORL","NBA","PF","25","25","29.4","5.1","11.7","0.437","1.7","4.5","0.375","3.4","7.2","0.475","0.509","2.6","4.2","0.629","1.6","5.1","6.6","4.2","0.6","0.8","2.7","2","14.6","Aaron Gordon","gordoaa01"
"2020-21",25,"DEN","NBA","PF","25","25","25.9","4.1","8.2","0.5","0.7","2.6","0.266","3.4","5.7","0.606","0.541","1.2","1.8","0.705","1.5","3.2","4.7","2.2","0.7","0.6","1.2","1.6","10.2","Aaron Gordon","gordoaa01"
"2020-21",32,"HOU","NBA","SG","27","13","29.2","5.9","13.6","0.433","2.6","7.8","0.329","3.3","5.8","0.573","0.527","3.5","4.2","0.825","0.3","1.9","2.1","2.6","0.5","0.5","1.9","1.6","17.8","Eric Gordon","gordoer01"
"2020-21",25,"CHO","NBA","PG","55","44","30.2","4.6","12.2","0.377","3.3","8.7","0.375","1.3","3.5","0.38","0.51","2.4","2.9","0.842","0.4","2.3","2.7","5.4","0.9","0.1","1.5","1.4","14.8","Devonte' Graham","grahade01"
"2020-21",26,"DET","NBA","SF","54","54","33.9","7.4","17.3","0.429","2.1","6.1","0.35","5.3","11.2","0.473","0.491","5.4","6.4","0.845","0.6","4","4.6","2.8","0.6","1.1","2","2.3","22.3","Jerami Grant","grantje01"
"2020-21",33,"PHI","NBA","SF","69","69","28","3.2","7.9","0.412","2.5","6.3","0.405","0.7","1.6","0.438","0.573","0.4","0.6","0.775","0.8","3","3.8","1.7","1.3","0.8","1","1.8","9.5","Danny Green","greenda02"
"2020-21",30,"GSW","NBA","PF","63","63","31.5","2.7","6","0.447","0.5","2","0.27","2.2","4","0.535","0.492","1.1","1.4","0.795","0.9","6.3","7.1","8.9","1.7","0.8","3","3.1","7","Draymond Green","greendr01"
"2020-21",30,"DEN","NBA","PF","58","5","19.3","3","6.4","0.463","1.4","3.4","0.399","1.6","3","0.534","0.568","0.8","1","0.807","1.5","3.3","4.8","0.9","0.4","0.4","0.9","2.5","8.1","JaMychal Green","greenja01"
"2020-21",27,"TOT","NBA","SF,SG","41","2","11.5","1.3","2.5","0.52","0.2","0.7","0.333","1","1.8","0.597","0.569","0.7","1","0.75","0.6","1.1","1.7","0.4","0.7","0.1","0.5","1.1","3.6","Javonte Green","greenja02"
"2020-21",27,"BOS","NBA","SF","25","2","13.8","1.6","2.8","0.549","0.3","0.9","0.318","1.3","2","0.653","0.599","0.8","1.2","0.667","0.8","1.3","2.1","0.4","0.7","0.1","0.5","1.3","4.2","Javonte Green","greenja02"
"2020-21",27,"CHI","NBA","SG","16","0","8","0.9","1.9","0.452","0.2","0.5","0.375","0.7","1.4","0.478","0.5","0.6","0.6","1","0.4","0.8","1.2","0.4","0.6","0.3","0.4","0.8","2.6","Javonte Green","greenja02"
"2020-21",34,"BRK","NBA","PF","68","38","27.0","3.8","7.8",".492","1.5","3.7",".412","2.3","4.1",".564",".590","1.8","2.4",".776","0.5","3.4","3.9","1.6","0.5","0.4","0.8","1.8","11.0","Jeff Green","greenje02"
"2020-21",20,"DAL","NBA","SG","39","5","11.4","1.1","2.4","0.452","0.1","0.6","0.16","1","1.7","0.559","0.473","0.3","0.6","0.565","0.7","1.3","2","0.7","0.4","0.1","0.4","0.9","2.6","Josh Green","greenjo02"
"2020-21",31,"TOT","NBA","PF","46","30","25.8","3.8","8.9",".423","1.5","4.5",".341","2.3","4.5",".505",".509","1.9","2.5",".744","0.8","4.1","4.9","3.0","0.7","0.3","1.3","2.4","11.0","Blake Griffin","griffbl01"
"2020-21",31,"DET","NBA","PF","20","20","31.3","4.1","11.1",".365","2.0","6.2",".315","2.1","4.9",".429",".453","2.2","3.1",".710","0.4","4.9","5.2","3.9","0.7","0.1","1.6","2.1","12.3","Blake Griffin","griffbl01"
"2020-21",31,"BRK","NBA","PF","26","10","21.5","3.6","7.3",".492","1.2","3.1",".383","2.4","4.2",".574",".574","1.7","2.1",".782","1.1","3.6","4.7","2.4","0.7","0.5","1.2","2.7","10.0","Blake Griffin","griffbl01"
"2020-21",22,"WAS","NBA","PF","57","57","31.5","5.4","11.4","0.478","0.8","2.4","0.328","4.6","9","0.519","0.513","2.2","2.8","0.77","0.9","4.6","5.5","1.4","0.8","0.1","1.2","2.1","13.8","Rui Hachimura","hachiru01"
"2020-21",20,"SAC","NBA","PG","58","20","30.1","5","10.7","0.472","2.1","5.1","0.409","2.9","5.6","0.529","0.569","0.8","1","0.857","0.7","2.3","3","5.3","1.3","0.5","1.6","1.4","13","Tyrese Haliburton","halibty01"
"2020-21",19,"TOT","NBA","PG,SG","51","1","17.4","2.7","6.1","0.435","0.5","1.7","0.31","2.1","4.4","0.482","0.478","1.1","1.6","0.671","0.6","2.9","3.5","1.7","0.4","0.2","1","1.2","6.9","R.J. Hampton","hamptrj01"
"2020-21",19,"DEN","NBA","PG","25","0","9.3","1","2.4","0.417","0.2","0.7","0.278","0.8","1.7","0.476","0.458","0.4","0.5","0.75","0.4","1.6","2","0.6","0.2","0.1","0.4","0.9","2.6","R.J. Hampton","hamptrj01"
"2020-21",19,"ORL","NBA","SG","26","1","25.2","4.3","9.7","0.439","0.8","2.7","0.319","3.4","7.1","0.484","0.482","1.8","2.7","0.657","0.7","4.2","5","2.8","0.6","0.3","1.6","1.5","11.2","R.J. Hampton","hamptrj01"
"2020-21",28,"DAL","NBA","SG","70","31","28.4","5.8","13","0.447","3","7.6","0.391","2.9","5.5","0.524","0.56","2","2.5","0.816","0.3","3","3.3","1.8","0.4","0.2","0.9","1.6","16.6","Tim Hardaway Jr.","hardati02"
"2020-21",31,"TOT","NBA","PG","44","43","36.6","7.8","16.7","0.466","2.8","7.6","0.362","5","9.1","0.553","0.548","6.3","7.3","0.861","0.8","7.1","7.9","10.8","1.2","0.8","4","2.3","24.6","James Harden","hardeja01"
"2020-21",31,"HOU","NBA","PG","8","8","36.3","7.5","16.9","0.444","3.1","9","0.347","4.4","7.9","0.556","0.537","6.6","7.5","0.883","0.6","4.5","5.1","10.4","0.9","0.8","4.3","1.8","24.8","James Harden","hardeja01"
"2020-21",31,"BRK","NBA","PG","36","35","36.6","7.8","16.6","0.471","2.7","7.3","0.366","5.2","9.4","0.552","0.551","6.3","7.3","0.856","0.8","7.7","8.5","10.9","1.3","0.8","4","2.4","24.6","James Harden","hardeja01"
"2020-21",27,"LAL","NBA","C","69","1","22.9","5.4","8.7","0.622","0","0.1","0","5.4","8.6","0.632","0.622","2.6","3.7","0.707","2.3","3.9","6.2","1.1","0.7","0.7","1.1","1.9","13.5","Montrezl Harrell","harremo01"
"2020-21",26,"TOT","NBA","SG","39","38","27.7","3.5","8.8","0.4","1.2","3.6","0.34","2.3","5.2","0.441","0.47","1.6","2","0.821","0.5","1.5","2","2","0.7","0.3","0.9","1.8","9.9","Gary Harris","harriga01"
"2020-21",26,"DEN","NBA","SG","19","19","30.6","3.6","8.2","0.442","1.3","3.9","0.32","2.4","4.3","0.556","0.519","1.2","1.6","0.733","0.7","1.8","2.5","1.7","0.9","0.2","0.7","1.9","9.7","Gary Harris","harriga01"
"2020-21",26,"ORL","NBA","SG","20","19","25","3.5","9.5","0.365","1.2","3.3","0.364","2.3","6.2","0.366","0.429","2.1","2.4","0.875","0.4","1.2","1.6","2.3","0.6","0.4","1.2","1.7","10.2","Gary Harris","harriga01"
"2020-21",29,"BRK","NBA","SF","69","65","31","5.2","10.2","0.505","3.1","6.4","0.475","2.1","3.8","0.555","0.654","0.7","0.9","0.778","0.6","3","3.6","1.9","0.7","0.2","0.9","2","14.1","Joe Harris","harrijo01"
"2020-21",28,"PHI","NBA","PF","62","62","32.5","7.6","14.9","0.512","1.3","3.4","0.394","6.3","11.5","0.546","0.556","2.9","3.3","0.892","1","5.8","6.8","3.5","0.9","0.8","1.7","1.9","19.5","Tobias Harris","harrito02"
"2020-21",27,"TOT","NBA","SG","34","0","9.8","0.8","2.3","0.333","0.1","0.5","0.188","0.7","1.8","0.371","0.353","0.5","0.6","0.818","0.2","1.2","1.4","0.7","0.5","0.1","0.3","1","2.1","Shaquille Harrison","harrish01"
"2020-21",27,"UTA","NBA","SG","17","0","3.3","0.4","1.2","0.3","0","0.1","0","0.4","1.1","0.333","0.3","0.3","0.4","0.833","0.2","0.4","0.5","0.5","0.1","0","0.3","0.2","1","Shaquille Harrison","harrish01"
"2020-21",27,"DEN","NBA","SG","17","0","16.3","1.2","3.4","0.345","0.2","0.8","0.214","1","2.6","0.386","0.371","0.8","0.9","0.813","0.2","2.1","2.3","0.9","0.9","0.3","0.4","1.8","3.3","Shaquille Harrison","harrish01"
"2020-21",25,"NOP","NBA","SF","47","4","28.7","3.2","7.3","0.439","1.3","4.1","0.326","1.9","3.2","0.583","0.531","1.5","1.9","0.775","1.1","6.9","8","2.3","0.8","0.3","1","2.4","9.2","Josh Hart","hartjo01"
"2020-21",22,"TOT","NBA","C","46","2","12.2","2","3.7","0.55","0","0.1","0.333","2","3.6","0.558","0.556","1","1.5","0.648","1.4","2.5","3.9","1.2","0.4","0.8","1","2.3","5.1","Isaiah Hartenstein","harteis01"
"2020-21",22,"DEN","NBA","C","30","0","9.1","1.4","2.7","0.513","0","0",NA,"1.4","2.7","0.513","0.513","0.7","1.2","0.611","1.3","1.5","2.8","0.5","0.4","0.7","0.7","2","3.5","Isaiah Hartenstein","harteis01"
"2020-21",22,"CLE","NBA","C","16","2","17.9","3.3","5.7","0.582","0.1","0.4","0.333","3.2","5.3","0.6","0.593","1.5","2.2","0.686","1.6","4.4","6","2.5","0.5","1.2","1.4","2.8","8.3","Isaiah Hartenstein","harteis01"
"2020-21",40,"MIA","NBA","C","1","0","3.0","2.0","2.0","1.000","0.0","0.0","","2.0","2.0","1.000","1.000","0.0","0.0","","0.0","1.0","1.0","0.0","0.0","0.0","0.0","0.0","4.0","Udonis Haslem","hasleud01"
"2020-21",20,"NOP","NBA","C","60","3","16.1","2.9","4.7","0.625","0.1","0.2","0.429","2.8","4.4","0.635","0.636","1.6","2","0.775","1.5","2.8","4.3","0.6","0.4","0.6","0.7","1.7","7.5","Jaxson Hayes","hayesja02"
"2020-21",19,"DET","NBA","PG","26","18","25.8","2.7","7.7","0.353","0.8","2.8","0.278","2","5","0.395","0.403","0.5","0.7","0.824","0.2","2.4","2.7","5.3","1","0.4","3.2","2.2","6.8","Killian Hayes","hayeski01"
"2020-21",30,"CHO","NBA","SF","44","44","34","7.1","15","0.473","1.9","4.7","0.415","5.1","10.3","0.499","0.537","3.5","4.2","0.843","0.8","5","5.9","4.1","1.2","0.3","2.1","1.7","19.6","Gordon Hayward","haywago01"
"2020-21",25,"MIN","NBA","PF","52","6","17.3","2.5","5.8","0.435","1.1","3.2","0.327","1.4","2.5","0.573","0.527","1.2","1.9","0.619","0.9","3.1","3.9","0.7","0.4","0.1","0.5","1","7.2","Juancho Hernangómez","hernaju01"
"2020-21",26,"NOP","NBA","C","47","12","18","3.2","5.7","0.563","0","0.2","0.1","3.2","5.5","0.581","0.565","1.3","2","0.667","2.5","4.6","7.1","1.1","0.5","0.5","0.7","1.4","7.8","Willy Hernangómez","hernawi01"
"2020-21",21,"MIA","NBA","SG","54","15","30.3","5.7","12.9","0.439","2","5.5","0.36","3.7","7.4","0.498","0.516","1.7","2.2","0.803","0.5","4.5","5","3.4","0.6","0.3","1.9","1.3","15.1","Tyler Herro","herroty01"
"2020-21",28,"SAC","NBA","SG","71","71","34.3","5.7","14","0.406","4","10.2","0.391","1.7","3.8","0.446","0.548","1.2","1.5","0.846","0.4","4.3","4.7","3.6","0.9","0.4","1.8","2.5","16.6","Buddy Hield","hieldbu01"
"2020-21",34,"TOT","NBA","PG","30","17","22.4","3.2","6.6","0.482","1","2.7","0.388","2.1","3.9","0.547","0.561","1.3","1.7","0.8","0.5","1.5","2","2.4","0.8","0.2","1","1","8.7","George Hill","hillge01"
"2020-21",34,"OKC","NBA","PG","14","14","26.4","4.4","8.6","0.508","1.6","4.1","0.386","2.8","4.5","0.619","0.6","1.5","1.8","0.84","0.6","1.5","2.1","3.1","0.9","0.1","0.9","0.9","11.8","George Hill","hillge01"
"2020-21",34,"PHI","NBA","PG","16","3","18.9","2.1","4.8","0.442","0.6","1.4","0.391","1.6","3.4","0.463","0.5","1.2","1.6","0.76","0.5","1.5","2","1.9","0.7","0.2","1.2","1.2","6","George Hill","hillge01"
"2020-21",24,"IND","NBA","PG","66","8","17.8","2.6","6.6","0.39","1","2.8","0.368","1.6","3.8","0.406","0.467","1","1.3","0.819","0.2","1.1","1.3","1.9","0.7","0.2","1","1.4","7.2","Aaron Holiday","holidaa01"
"2020-21",30,"MIL","NBA","PG","59","56","32.3","7","13.9","0.503","1.9","4.8","0.392","5.1","9.2","0.561","0.57","1.8","2.3","0.787","1.2","3.3","4.5","6.1","1.6","0.6","2.2","1.7","17.7","Jrue Holiday","holidjr01"
"2020-21",31,"IND","NBA","SG","72","52","30.3","3.6","8.7","0.413","2.4","6.3","0.382","1.2","2.4","0.494","0.551","0.9","1.2","0.788","0.4","3.1","3.6","1.7","1","0.6","0.8","1.9","10.5","Justin Holiday","holidju01"
"2020-21",27,"SAC","NBA","C","61","61","29.2","6","9.4","0.637","0","0.2","0.182","6","9.2","0.645","0.638","2.2","2.8","0.794","2.4","5.9","8.3","1.7","0.6","1.6","1.2","3.5","14.2","Richaun Holmes","holmeri01"
"2020-21",34,"OKC","NBA","C","28","28","27.9","5.8","12.9","0.45","2","5.4","0.368","3.8","7.4","0.51","0.528","0.6","0.8","0.818","1","5.7","6.7","3.4","0.9","0.9","1","1.7","14.2","Al Horford","horfoal01"
"2020-21",20,"LAL","NBA","SG","65","4","20.1","3.4","7.5","0.458","0.6","2","0.282","2.9","5.5","0.522","0.496","1.5","2","0.775","0.4","2.2","2.6","2.8","1","0.3","1.6","2","9","Talen Horton-Tucker","hortota01"
"2020-21",27,"HOU","NBA","SF","36","23","25.9","3.1","7.6","0.404","1.5","4.3","0.346","1.6","3.2","0.483","0.504","1.1","1.8","0.651","0.5","3.2","3.7","1.9","0.6","0.4","1","1.9","8.8","Danuel House Jr.","houseda01"
"2020-21",22,"ATL","NBA","SG","69","49","30.8","4.6","10.6","0.432","2","5.6","0.363","2.6","5","0.51","0.528","0.7","0.9","0.781","0.6","2.8","3.3","3.5","1.2","0.3","1.1","2.4","11.9","Kevin Huerter","huertke01"
"2020-21",23,"ATL","NBA","SF","23","19","29.5","5.2","10.8","0.484","1.3","4.1","0.326","3.9","6.7","0.582","0.546","3.2","3.7","0.859","0.7","4","4.8","1.9","0.8","0.5","1.3","2.6","15","De'Andre Hunter","huntede01"
"2020-21",31,"LAC","NBA","C","41","39","23.3","4.5","8.9",".510","1.0","2.8",".339","3.6","6.1",".588",".563","1.0","1.3",".811","1.8","4.9","6.7","1.8","0.2","1.1","1.1","1.9","11.1","Serge Ibaka","ibakase01"
"2020-21",37,"MIA","NBA","SF","63","5","21.3","1.5","3.9","0.383","1","2.9","0.33","0.6","1","0.53","0.504","0.4","0.6","0.658","0.6","2.9","3.5","2.3","0.9","0.6","1.1","1.4","4.4","Andre Iguodala","iguodan01"
"2020-21",33,"UTA","NBA","SF","67","30","27.9","4.1","8.4","0.489","2.7","6.1","0.451","1.4","2.3","0.59","0.652","1.1","1.3","0.844","0.4","3.2","3.6","4.7","0.7","0.2","1.7","1.8","12.1","Joe Ingles","inglejo01"
"2020-21",23,"NOP","NBA","SF","61","61","34.3","8.4","18","0.466","2.3","6.1","0.381","6.1","11.9","0.51","0.531","4.6","5.2","0.878","0.6","4.3","4.9","4.9","0.7","0.6","2.5","2","23.8","Brandon Ingram","ingrabr01"
"2020-21",28,"BRK","NBA","PG","54","54","34.9","10.2","20.1","0.506","2.8","7","0.402","7.4","13.1","0.561","0.576","3.7","4","0.922","1","3.8","4.8","6","1.4","0.7","2.4","2.6","26.9","Kyrie Irving","irvinky01"
"2020-21",23,"Did Not Play (injury—ACL)","Did Not Play (injury—ACL)","Did Not Play (injury—ACL)","Did Not Play (injury—ACL)","Did Not Play (injury—ACL)","Did Not Play (injury—ACL)","Did Not Play (injury—ACL)","Did Not Play (injury—ACL)","Did Not Play (injury—ACL)","Did Not Play (injury—ACL)","Did Not Play (injury—ACL)","Did Not Play (injury—ACL)","Did Not Play (injury—ACL)","Did Not Play (injury—ACL)","Did Not Play (injury—ACL)","Did Not Play (injury—ACL)","Did Not Play (injury—ACL)","Did Not Play (injury—ACL)","Did Not Play (injury—ACL)","Did Not Play (injury—ACL)","Did Not Play (injury—ACL)","Did Not Play (injury—ACL)","Did Not Play (injury—ACL)","Did Not Play (injury—ACL)","Did Not Play (injury—ACL)","Did Not Play (injury—ACL)","Did Not Play (injury—ACL)","Did Not Play (injury—ACL)","Jonathan Isaac","isaacjo01"
"2020-21",22,"DET","NBA","PG","40","6","18.5","3.4","7.3",".457","1.5","3.8",".407","1.8","3.6",".510",".561","1.5","1.9",".813","0.4","1.8","2.2","0.9","0.4","0.0","0.9","1.3","9.8","Frank Jackson","jacksfr01"
"2020-21",21,"MEM","NBA","C","11","4","23.5","4.8","11.4","0.424","1.5","5.5","0.283","3.3","5.9","0.554","0.492","3.2","3.8","0.833","1.5","4.1","5.6","1.1","1.1","1.6","1.4","3.8","14.4","Jaren Jackson Jr.","jacksja02"
"2020-21",25,"TOT","NBA","SF","34","3","17","2.6","6.5","0.403","1.1","3.4","0.308","1.6","3.1","0.51","0.484","0.9","1.1","0.838","0.5","1.8","2.3","1.5","0.4","0.1","0.9","0.9","7.2","Justin Jackson","jacksju01"
"2020-21",25,"OKC","NBA","SF","33","3","16.5","2.6","6.4","0.406","1","3.4","0.306","1.6","3.1","0.515","0.486","0.9","1.1","0.857","0.4","1.7","2.2","1.5","0.5","0.1","0.9","0.9","7.2","Justin Jackson","jacksju01"
"2020-21",25,"MIL","NBA","SF","1","0","33","3","9","0.333","2","6","0.333","1","3","0.333","0.444","1","2","0.5","2","4","6","1","0","0","1","1","9","Justin Jackson","jacksju01"
"2020-21",30,"LAC","NBA","SG","67","43","23","3.9","8.7","0.45","1.8","4.2","0.433","2.1","4.5","0.465","0.554","1","1.2","0.817","0.4","2.5","2.9","3.1","0.6","0.1","1.1","1.9","10.7","Reggie Jackson","jacksre01"
"2020-21",36,"LAL","NBA","PG","45","45","33.4","9.4","18.3","0.513","2.3","6.3","0.365","7.1","12","0.591","0.576","4","5.7","0.698","0.6","7","7.7","7.8","1.1","0.6","3.7","1.6","25","LeBron James","jamesle01"
"2020-21",23,"OKC","NBA","SG","33","1","23.9","3.9","8.7","0.446","2.2","5.1","0.423","1.7","3.6","0.479","0.57","0.8","1","0.765","0.3","2.5","2.8","3.6","0.6","0.2","1.4","1.8","10.7","Ty Jerome","jeromty01"
"2020-21",21,"PHI","NBA","SG","41","1","9.3","1.2","3.2","0.361","1","2.6","0.368","0.2","0.7","0.333","0.508","0.4","0.6","0.75","0.1","0.7","0.9","0.5","0.3","0.1","0.3","0.8","3.7","Isaiah Joe","joeis01"
"2020-21",24,"BRK","NBA","PF","18","0","10.5","2.2","3.8","0.588","0.1","0.3","0.167","2.2","3.4","0.629","0.596","0.7","0.7","1","1.5","3.5","5","0.8","0.3","0.3","0.5","0.9","5.2","Alize Johnson","johnsal02"
"2020-21",24,"PHO","NBA","PF","60","11","24","3.4","8.1","0.42","2","5.6","0.349","1.4","2.5","0.581","0.541","0.8","1","0.847","0.6","2.8","3.3","1.4","0.6","0.3","0.7","1.4","9.6","Cameron Johnson","johnsca02"
"2020-21",33,"TOT","NBA","PF","51","12","20.5","2.9","6.4","0.446","0.6","2.4","0.258","2.3","4.1","0.556","0.494","0.9","1.5","0.592","0.6","2.8","3.5","1.9","0.8","0.8","1.1","2.4","7.2","James Johnson","johnsja01"
"2020-21",33,"DAL","NBA","PF","29","1","17.4","2.3","5","0.462","0.5","2.1","0.25","1.8","2.9","0.612","0.514","0.6","1","0.586","0.5","2.5","3","1.7","0.8","0.8","0.9","2","5.7","James Johnson","johnsja01"
"2020-21",33,"NOP","NBA","PF","22","11","24.5","3.6","8.3","0.434","0.7","2.7","0.267","2.9","5.5","0.516","0.478","1.3","2.1","0.596","0.8","3.3","4.1","2.2","0.8","0.9","1.3","2.8","9.2","James Johnson","johnsja01"
"2020-21",21,"SAS","NBA","SF","69","67","28.5","4.9","10.2","0.479","0.9","2.6","0.331","4","7.6","0.531","0.522","2.1","2.8","0.74","1.3","4.6","6","1.8","0.6","0.3","1.1","2.1","12.8","Keldon Johnson","johnske04"
"2020-21",24,"TOR","NBA","PF","61","13","16.5","1.5","3.8","0.382","0.7","2.2","0.328","0.7","1.6","0.458","0.479","0.7","0.9","0.8","0.5","2","2.5","1.5","0.9","0.3","0.9","1.9","4.4","Stanley Johnson","johnsst04"
"2020-21",25,"DEN","NBA","C","72","72","34.6","10.2","18","0.566","1.3","3.3","0.388","8.9","14.7","0.606","0.602","4.8","5.5","0.868","2.8","8","10.8","8.3","1.3","0.7","3.1","2.7","26.4","Nikola Jokić","jokicni01"
"2020-21",25,"TOT","NBA","C","39","10","14","1.8","2.6","0.68","0","0.1","0.2","1.8","2.5","0.704","0.684","1.1","1.5","0.724","0.9","2.2","3.1","0.7","0.3","0.7","0.7","2","4.7","Damian Jones","jonesda03"
"2020-21",25,"PHO","NBA","C","14","0","6.7","0.6","1.1","0.5","0","0.1","0","0.6","1.1","0.533","0.5","0.4","0.8","0.545","0.5","0.8","1.3","0.3","0.1","0.4","0.4","1.4","1.6","Damian Jones","jonesda03"
"2020-21",25,"LAL","NBA","C","8","6","14","2","2.1","0.941","0","0",NA,"2","2.1","0.941","0.941","1.4","1.5","0.917","1","2.3","3.3","0.1","0.1","0.9","0.6","2.8","5.4","Damian Jones","jonesda03"
"2020-21",25,"SAC","NBA","C","17","4","20.1","2.7","4.1","0.657","0.1","0.2","0.25","2.6","3.9","0.682","0.664","1.5","2.1","0.714","1.2","3.3","4.5","1.4","0.5","1","0.9","2.1","6.9","Damian Jones","jonesda03"
"2020-21",23,"POR","NBA","SF","58","43","22.7","2.5","5.2","0.484","0.7","2.3","0.316","1.8","2.9","0.619","0.554","1","1.6","0.648","1.3","2.2","3.5","0.8","0.6","0.9","0.6","2.2","6.8","Derrick Jones Jr.","jonesde02"
"2020-21",21,"SAS","NBA","PG","37","1","7.3","1","2.1","0.474","0.1","0.1","0.6","0.9","2","0.466","0.494","0.5","0.5","0.895","0.2","0.4","0.6","1.1","0.2","0","0.4","0.4","2.5","Tre Jones","jonestr01"
"2020-21",24,"MEM","NBA","PG","70","9","17.5","2.5","5.9","0.431","0.6","2","0.321","1.9","3.9","0.487","0.485","0.6","0.6","0.911","0.3","1.7","2","3.7","0.9","0.1","0.7","0.4","6.3","Tyus Jones","jonesty01"
"2020-21",32,"BRK","NBA","C","57","43","21.9","3.3","4.4","0.763","0","0","0","3.3","4.4","0.766","0.763","0.8","1.6","0.5","2.1","5.4","7.5","1.6","0.3","1.1","1.5","2","7.5","DeAndre Jordan","jordade01"
"2020-21",29,"TOT","NBA","PG","63","13","23","3.2","6.8","0.469","0.7","2.1","0.341","2.5","4.7","0.527","0.522","1.1","1.4","0.818","0.6","2","2.5","3.4","1","0.3","1.3","2.2","8.2","Cory Joseph","josepco01"
"2020-21",29,"SAC","NBA","PG","44","2","21.5","2.5","5.7","0.444","0.7","2.1","0.33","1.8","3.5","0.513","0.506","0.8","1.1","0.766","0.6","1.7","2.3","2.5","0.9","0.2","1","2.2","6.6","Cory Joseph","josepco01"
"2020-21",29,"DET","NBA","PG","19","11","26.4","4.7","9.3","0.506","0.7","2","0.368","3.9","7.3","0.543","0.545","1.9","2.2","0.878","0.5","2.6","3.2","5.5","1.2","0.5","1.8","2.2","12","Cory Joseph","josepco01"
"2020-21",23,"TOT","NBA","PF","39","0","7.2","0.8","2.3","0.371","0.3","1.3","0.26","0.5","1","0.513","0.444","0.4","0.5","0.8","0.3","1.2","1.5","0.4","0.2","0.3","0.4","0.9","2.4","Mfiondu Kabengele","kabenmf01"
"2020-21",23,"LAC","NBA","PF","23","0","4.1","0.4","1.4","0.281","0.2","0.8","0.222","0.2","0.6","0.357","0.344","0.2","0.3","0.833","0","0.6","0.6","0.2","0.1","0.1","0.3","0.8","1.2","Mfiondu Kabengele","kabenmf01"
"2020-21",23,"CLE","NBA","PF","16","0","11.6","1.5","3.6","0.421","0.6","2","0.281","0.9","1.6","0.6","0.5","0.7","0.9","0.786","0.7","2.2","2.9","0.8","0.4","0.6","0.6","1.1","4.3","Mfiondu Kabengele","kabenmf01"
"2020-21",27,"PHO","NBA","C","47","13","15.2","2.6","5.5","0.471","0.7","1.8","0.365","1.9","3.7","0.523","0.531","0.8","1.3","0.617","0.8","3.2","4","1.7","0.3","0.4","0.5","1.5","6.6","Frank Kaminsky","kaminfr01"
"2020-21",24,"LAC","NBA","SG","63","17","19.6","3.1","6.6","0.476","1.6","3.6","0.446","1.5","3","0.511","0.597","0.4","0.5","0.839","0.2","2.3","2.6","1.7","0.4","0.1","0.8","1.4","8.3","Luke Kennard","kennalu01"
"2020-21",21,"SAC","NBA","SF","6","1","14.2","2.8","5.7","0.5","0.7","1.8","0.364","2.2","3.8","0.565","0.559","1","1","1","0.8","2.2","3","1.5","1.2","0.5","0.7","1.5","7.3","Louis King","kinglo02"
"2020-21",29,"DAL","NBA","PF","50","40","26.8","2.3","5.5","0.422","1.7","4.2","0.41","0.6","1.3","0.46","0.58","0.7","0.7","0.919","0.9","4.3","5.2","1.4","0.5","0.7","0.6","2.1","7.1","Maxi Kleber","klebima01"
"2020-21",23,"ATL","NBA","PF","33","0","8.5","1.1","3","0.37","0.2","1","0.182","0.9","2","0.463","0.4","1.3","1.7","0.8","0.8","1.4","2.2","0.2","0.3","0.3","0.5","0.7","3.8","Nathan Knight","knighna01"
"2020-21",21,"NYK","NBA","SF","42","0","11","1.3","3.4","0.392","0.8","2.1","0.393","0.5","1.3","0.389","0.514","0.4","0.5","0.8","0.2","1.2","1.5","0.5","0.3","0.1","0.4","0.9","3.9","Kevin Knox","knoxke01"
"2020-21",24,"MEM","NBA","SG","43","0","13.4","1.6","3.2","0.5","0.5","1.3","0.375","1.1","1.9","0.585","0.576","0.6","0.7","0.833","0.8","2.2","3","1.1","0.7","0.2","0.4","0.9","4.3","John Konchar","konchjo01"
"2020-21",23,"PHI","NBA","SG","55","11","19.3","3.1","7.7","0.401","1.8","4.9","0.375","1.3","2.8","0.445","0.52","1.1","1.5","0.732","0.3","1.7","2.1","1.5","0.9","0.2","0.8","1.2","9.1","Furkan Korkmaz","korkmfu01"
"2020-21",25,"TOT","NBA","C,PF","31","2","11.2","1.4","3.3","0.436","0.5","1.9","0.254","0.9","1.4","0.69","0.51","0.1","0.2","0.5","0.5","1.7","2.2","0.8","0.1","1","0.2","0.6","3.4","Luke Kornet","kornelu01"
"2020-21",25,"CHI","NBA","PF","13","0","7.2","0.7","2.1","0.333","0.5","1.8","0.261","0.2","0.3","0.75","0.444","0.2","0.3","0.5","0.1","1.1","1.2","0.3","0.2","0.5","0.1","0.1","2","Luke Kornet","kornelu01"
"2020-21",25,"BOS","NBA","C","18","2","14.1","1.9","4.1","0.473","0.5","2","0.25","1.4","2.1","0.684","0.534","0.1","0.1","0.5","0.7","2.2","2.9","1.1","0.1","1.4","0.3","1.1","4.4","Luke Kornet","kornelu01"
"2020-21",25,"LAL","NBA","SF","68","32","28.7","4.9","11.1","0.443","2","5.6","0.361","2.9","5.5","0.525","0.533","1","1.4","0.691","1.6","4.5","6.1","1.9","0.5","0.6","1.7","1.8","12.9","Kyle Kuzma","kuzmaky01"
"2020-21",25,"CHI","NBA","SG","58","58","35.1","9.8","19.4","0.507","3.4","8.2","0.419","6.4","11.1","0.571","0.596","4.4","5.1","0.849","0.6","4.4","5","4.9","0.8","0.5","3.5","2.4","27.4","Zach LaVine","lavinza01"
"2020-21",23,"HOU","NBA","SF","24","3","17.3","1.9","4.9","0.39","1","3","0.324","1","2","0.489","0.487","0.8","0.9","0.857","1.1","1.8","2.9","1","0.3","0.2","0.8","1.4","5.5","Anthony Lamb","lamban01"
"2020-21",21,"BOS","NBA","SG","18","4","15.7","1.2","3.3","0.356","0.3","1","0.278","0.9","2.3","0.39","0.398","0.5","0.7","0.75","0.7","1.3","1.9","0.7","0.3","0.3","0.6","1.3","3.1","Romeo Langford","langfro01"
"2020-21",26,"TOT","NBA","SG","47","39","31.6","7.6","17.3","0.441","1.8","5.5","0.326","5.9","11.8","0.495","0.493","3.1","3.8","0.811","0.7","3.9","4.6","5.2","1.4","0.6","2.2","2.2","20.2","Caris LeVert","leverca01"
"2020-21",26,"BRK","NBA","SG","12","4","27.8","7.3","16.7","0.435","1.8","5.3","0.349","5.4","11.4","0.474","0.49","2.2","2.8","0.765","0.8","3.5","4.3","6","1.1","0.5","2.2","1.7","18.5","Caris LeVert","leverca01"
"2020-21",26,"IND","NBA","SG","35","35","32.9","7.8","17.5","0.443","1.8","5.6","0.318","6","12","0.501","0.493","3.4","4.2","0.822","0.7","4","4.6","4.9","1.5","0.7","2.2","2.4","20.7","Caris LeVert","leverca01"
"2020-21",28,"GSW","NBA","SG","57","1","18.9","2.2","4.8","0.467","1.4","3.4","0.397","0.9","1.4","0.638","0.608","0.7","0.8","0.909","0.4","2.8","3.2","1.3","0.7","0.1","0.5","1.6","6.5","Damion Lee","leeda03"
"2020-21",21,"DET","NBA","PG","48","7","16.3","2.1","4.4","0.471","0.2","0.5","0.348","1.9","3.9","0.487","0.49","1.3","1.9","0.685","0.4","1.6","2","3.6","0.7","0.3","1.1","1.6","5.6","Saben Lee","leesa01"
"2020-21",27,"TOT","NBA","C","64","42","15.3","2.7","4.3","0.615","0.1","0.4","0.32","2.5","4","0.644","0.629","1.1","1.8","0.629","1.2","2.8","4.1","0.8","0.3","1","0.9","2","6.6","Alex Len","lenal01"
"2020-21",27,"TOR","NBA","C","7","2","10.9","0.7","1.4","0.5","0.4","0.9","0.5","0.3","0.6","0.5","0.65","0.4","0.9","0.5","0","1.6","1.6","0.4","0.1","0.9","1.1","1.4","2.3","Alex Len","lenal01"
"2020-21",27,"WAS","NBA","C","57","40","15.8","2.9","4.7","0.619","0.1","0.3","0.263","2.8","4.4","0.647","0.629","1.2","1.9","0.636","1.4","3","4.4","0.8","0.3","1","0.8","2.1","7.1","Alex Len","lenal01"
"2020-21",29,"LAC","NBA","SF","52","52","34.1","8.9","17.5",".512","1.9","4.9",".398","7.0","12.6",".557",".568","5.0","5.7",".885","1.1","5.4","6.5","5.2","1.6","0.4","2.0","1.6","24.8","Kawhi Leonard","leonaka01"
"2020-21",28,"MIA","NBA","C","3","2","9.7","1","2.3","0.429","1","2.3","0.429","0","0",NA,"0.643","0.3","0.7","0.5","0","2.3","2.3","0.7","0","0","0.7","1.7","3.3","Meyers Leonard","leoname01"
"2020-21",19,"NOP","NBA","PG","54","0","16.7","2.4","6.2","0.386","0.7","2.2","0.333","1.7","4","0.415","0.445","0.8","0.9","0.843","0.2","1.1","1.3","2.3","0.7","0.2","0.6","1.6","6.4","Kira Lewis Jr.","lewiski01"
"2020-21",30,"POR","NBA","PG","67","67","35.8","9","19.9","0.451","4.1","10.5","0.391","4.9","9.4","0.519","0.554","6.7","7.2","0.928","0.5","3.7","4.2","7.5","0.9","0.3","3","1.5","28.8","Damian Lillard","lillada01"
"2020-21",20,"POR","NBA","PF","48","2","13.3","1.6","3.5","0.467","0.6","1.7","0.35","1","1.8","0.575","0.551","0.8","0.9","0.8","0.7","2","2.7","0.5","0.1","0.3","0.4","1.1","4.6","Nassir Little","littlna01"
"2020-21",24,"GSW","NBA","C","61","34","19","1.8","3.2","0.548","0.1","0.3","0.235","1.7","3","0.578","0.558","0.5","0.8","0.646","1.9","3.4","5.3","2","0.3","0.4","0.6","2.2","4.1","Kevon Looney","looneke01"
"2020-21",32,"MIL","NBA","C","70","70","27.2","4.6","9.1","0.503","1.4","4","0.338","3.2","5.1","0.632","0.577","1.7","2","0.845","1.5","3.5","5","0.7","0.6","1.5","0.9","2.1","12.3","Brook Lopez","lopezbr01"
"2020-21",32,"WAS","NBA","C","71","9","19.1","3.8","6","0.633","0.1","0.3","0.278","3.7","5.7","0.649","0.639","1.4","1.9","0.723","2","1.8","3.8","0.8","0.2","0.6","1.1","1.5","9","Robin Lopez","lopezro01"
"2020-21",32,"CLE","NBA","PF","25","25","24.9","4.1","10.1","0.409","2.3","6.2","0.365","1.8","3.8","0.479","0.522","1.7","2","0.824","0.7","6.8","7.4","2.5","0.6","0.1","1.5","1","12.2","Kevin Love","loveke01"
"2020-21",34,"TOR","NBA","PG","46","46","34.8","5.7","13","0.436","2.8","7.2","0.396","2.8","5.8","0.487","0.546","3","3.5","0.875","0.8","4.6","5.4","7.3","1","0.3","2.7","3.1","17.2","Kyle Lowry","lowryky01"
"2020-21",25,"SAS","NBA","PF","23","9","15.6","1.9","3.9","0.478","0.6","1.7","0.35","1.3","2.2","0.58","0.556","0.7","1","0.652","0.4","3.3","3.7","0.6","0.3","0","0.3","0.6","5","Trey Lyles","lylestr01"
"2020-21",19,"OKC","NBA","PG","65","49","27.4","3.5","9.4","0.368","1.6","4.8","0.335","1.9","4.6","0.402","0.454","1.6","2.1","0.748","0.4","2.9","3.2","3.5","0.9","0.2","2.2","1.9","10.1","Théo Maledon","maledth01"
"2020-21",24,"LAC","NBA","SG","67","10","18.9","2.7","5.2","0.509","0.6","1.4","0.418","2.1","3.9","0.541","0.563","1.2","1.4","0.83","0.8","2.8","3.6","1.6","0.4","0.2","0.6","1.9","7","Terance Mann","mannte01"
"2020-21",32,"DAL","NBA","C","33","3","8.2","1.9","3.7","0.508","0","0.2","0.125","1.8","3.5","0.535","0.512","0.9","1.2","0.816","1.4","2.5","3.9","0.3","0.1","0.2","0.4","0.9","4.7","Boban Marjanović","marjabo01"
"2020-21",23,"CHI","NBA","PF","51","26","25.8","4.9","10.2","0.48","2.3","5.8","0.402","2.6","4.4","0.582","0.594","1.5","1.8","0.826","0.7","4.6","5.3","0.9","0.5","0.3","1","1.5","13.6","Lauri Markkanen","markkla01"
"2020-21",23,"NOP","NBA","SF","32","10","21.9","2.6","6.5","0.392","0.9","2.6","0.349","1.7","3.9","0.421","0.462","1.7","2.3","0.707","0.5","4.2","4.6","2.8","0.8","0.3","1.2","1.8","7.7","Naji Marshall","marshna01"
"2020-21",25,"CHO","NBA","SF","53","3","15.4","1.8","4.8","0.375","0.6","2.4","0.248","1.2","2.5","0.496","0.436","0.8","1.2","0.641","0.6","2.1","2.7","1.3","0.7","0.2","0.6","1.2","5","Caleb Martin","martica02"
"2020-21",25,"CHO","NBA","SF","52","10","16.3","1.6","3.6","0.441","0.3","1.1","0.276","1.3","2.5","0.515","0.484","0.5","0.8","0.581","1","2.1","3.1","1.7","0.7","0.2","0.8","1","4","Cody Martin","martico01"
"2020-21",20,"HOU","NBA","SF","45","8","23.7","3.6","7.1","0.509","0.8","2.1","0.365","2.8","4.9","0.572","0.564","1.3","1.9","0.714","1.6","3.8","5.4","1.1","0.7","0.9","0.8","2","9.3","Kenyon Martin Jr.","martike04"
"2020-21",24,"WAS","NBA","SG","64","24","16.2","1.5","3.7","0.409","1.2","3.1","0.384","0.3","0.6","0.538","0.57","1.3","1.5","0.884","0.3","1.1","1.4","0.4","0.5","0.1","0.2","1.7","5.5","Garrison Mathews","mathega01"
"2020-21",34,"LAL","NBA","SG","58","10","19.5","1.5","4.3","0.353","1.1","3.4","0.335","0.4","0.9","0.418","0.484","0.6","0.7","0.854","0.3","1.3","1.6","0.9","0.7","0.3","0.4","1.4","4.8","Wesley Matthews","matthwe02"
"2020-21",20,"PHI","NBA","SG","61","8","15.3","3.2","7","0.462","0.5","1.7","0.301","2.7","5.3","0.512","0.498","1","1.1","0.871","0.2","1.5","1.7","2","0.4","0.2","0.7","1.3","8","Tyrese Maxey","maxeyty01"
"2020-21",23,"ATL","NBA","SG","33","0","8.2","1.3","3","0.449","0.4","1.2","0.35","0.9","1.8","0.517","0.52","0.7","0.8","0.88","0.3","0.8","1.1","0.9","0.4","0.1","0.3","0.5","3.8","Skylar Mays","mayssk01"
"2020-21",29,"POR","NBA","SG","47","47","34","8.6","18.8","0.458","3.6","8.9","0.402","5","9.9","0.509","0.554","2.3","2.8","0.812","0.6","3.3","3.9","4.7","0.9","0.4","1.4","1.9","23.1","CJ McCollum","mccolcj01"
"2020-21",28,"IND","NBA","PG","69","3","26","4","7.1","0.559","0.2","0.7","0.313","3.8","6.4","0.586","0.574","0.5","0.7","0.688","0.8","2.9","3.7","6.6","1.9","0.3","2","1.6","8.6","T.J. McConnell","mccontj01"
"2020-21",20,"MIN","NBA","PF","63","27","24","2.6","5.8","0.447","1.1","3.1","0.364","1.5","2.7","0.544","0.545","0.4","0.7","0.6","0.8","2.9","3.7","1.1","0.6","1","0.7","2.7","6.8","Jaden McDaniels","mcdanja02"
"2020-21",23,"CHO","NBA","SF","47","18","19.2","2.8","6","0.468","0.7","2.2","0.333","2.1","3.8","0.547","0.53","1","1.4","0.703","1","2.6","3.6","1.1","0.6","0.4","1","2","7.4","Jalen McDaniels","mcdanja01"
"2020-21",29,"IND","NBA","PF","66","29","24.5","5.4","10.1","0.532","1.7","4.3","0.388","3.7","5.7","0.641","0.616","1.2","1.5","0.816","0.9","2.4","3.3","1.3","0.3","0.1","0.8","1.8","13.6","Doug McDermott","mcderdo01"
"2020-21",33,"TOT","NBA","C","46","2","14.7","3.1","6.1","0.511","0.1","0.5","0.208","3","5.6","0.539","0.52","1","1.5","0.657","1.7","3.5","5.2","0.8","0.4","1.2","1.3","2.6","7.3","JaVale McGee","mcgeeja01"
"2020-21",33,"CLE","NBA","C","33","1","15.2","3.4","6.5","0.521","0.2","0.6","0.25","3.2","5.9","0.549","0.533","1.1","1.7","0.655","1.6","3.5","5.2","1","0.5","1.2","1.4","2.4","8","JaVale McGee","mcgeeja01"
"2020-21",33,"DEN","NBA","C","13","1","13.5","2.5","5.2","0.478","0","0.3","0","2.5","4.8","0.508","0.478","0.6","0.9","0.667","1.8","3.5","5.3","0.5","0.2","1.1","1.2","3.2","5.5","JaVale McGee","mcgeeja01"
"2020-21",29,"DET","NBA","SG","16","2","12.1","2.3","4.4","0.529","0.7","1.5","0.458","1.6","2.9","0.565","0.607","0.4","0.5","0.75","0.5","0.9","1.4","1","0.5","0.1","0.4","0.8","5.7","Rodney McGruder","mcgruro01"
"2020-21",24,"MIN","NBA","PG","51","2","18.4","2","4.7","0.413","0.6","1.8","0.359","1.3","2.9","0.447","0.481","0.5","0.6","0.767","0.4","1.7","2.1","3.8","1","0.1","1","0.9","5","Jordan McLaughlin","mclaujo01"
"2020-21",22,"MEM","NBA","PG","52","1","20.1","3.3","7.6","0.438","1.7","4.1","0.412","1.6","3.5","0.467","0.548","0.8","1","0.804","0.6","2.5","3.1","2.5","1.2","0.6","1.3","1.6","9.1","De'Anthony Melton","meltode01"
"2020-21",24,"MIL","NBA","SG","30","2","7.8","1.1","2.4","0.444","0.7","1.6","0.447","0.4","0.8","0.44","0.59","0.1","0.1","1","0.2","0.8","1","0.7","0.3","0","0.3","0.6","3","Sam Merrill","merrisa01"
"2020-21",23,"SAC","NBA","C","36","6","13.6","2.5","5","0.508","0.4","1","0.351","2.2","3.9","0.549","0.545","0.9","1.2","0.721","0.9","2.3","3.1","0.8","0.4","0.5","0.8","1.6","6.3","Chimezie Metu","metuch01"
"2020-21",29,"MIL","NBA","SF","68","68","33.4","7.5","15.8","0.476","2.2","5.4","0.414","5.3","10.4","0.508","0.546","3.1","3.5","0.898","0.8","5.2","6","5.4","1.1","0.1","2.6","2.4","20.4","Khris Middleton","middlkh01"
"2020-21",32,"SAS","NBA","PG","68","1","24.8","3.7","9","0.412","2.4","6.3","0.375","1.3","2.7","0.5","0.544","1","1.1","0.91","0.3","1.4","1.7","2.4","0.6","0","1","1.2","10.8","Patty Mills","millspa02"
"2020-21",24,"PHI","NBA","SG","63","4","23.2","4.8","10.6","0.45","1.1","3.2","0.35","3.6","7.4","0.494","0.503","2.3","2.8","0.83","0.5","1.8","2.3","3.1","0.6","0.3","1.6","2.1","13","Shake Milton","miltosh01"
"2020-21",24,"UTA","NBA","PG","53","53","33.4","9","20.6","0.438","3.4","8.7","0.386","5.7","11.9","0.476","0.52","5","6","0.845","0.9","3.5","4.4","5.2","1","0.3","2.8","2.2","26.4","Donovan Mitchell","mitchdo01"
"2020-21",22,"CHO","NBA","SG","42","0","20.9","4.1","9.5","0.434","2","5","0.401","2.1","4.5","0.471","0.54","1.4","1.7","0.819","0.3","2.1","2.4","2.1","0.5","0.1","1.3","1.1","11.7","Malik Monk","monkma01"
"2020-21",21,"MEM","NBA","PG","63","63","32.6","6.8","15.2","0.449","1.2","3.8","0.303","5.7","11.4","0.499","0.487","4.3","5.9","0.728","0.9","3.1","4","7.4","0.9","0.2","3.2","1.4","19.1","Ja Morant","moranja01"
"2020-21",31,"LAC","NBA","PF","57","29","26.4","4.8","10.2","0.473","2.5","5.2","0.473","2.4","5.1","0.472","0.592","1.3","1.6","0.82","0.6","3.5","4.1","1","0.6","0.3","1","2.1","13.4","Marcus Morris","morrima03"
"2020-21",31,"LAL","NBA","PF","61","27","19.7","2.5","6.2","0.405","1.1","3.4","0.311","1.4","2.8","0.521","0.491","0.6","0.8","0.72","0.8","3.6","4.4","1.2","0.4","0.3","0.9","1.7","6.7","Markieff Morris","morrima02"
"2020-21",25,"DEN","NBA","PG","47","13","25.4","4","8.2","0.481","1.1","2.9","0.381","2.9","5.4","0.534","0.547","1.2","1.6","0.795","0.2","1.8","2","3.2","0.7","0.3","0.7","1","10.2","Monte Morris","morrimo01"
"2020-21",24,"SAS","NBA","PG","67","67","31.9","6.6","14.5",".453","0.9","3.0",".317","5.6","11.6",".488",".485","1.6","2.0",".791","0.9","6.2","7.1","5.4","1.5","0.1","1.7","2.0","15.7","Dejounte Murray","murrade01"
"2020-21",23,"DEN","NBA","PG","48","48","35.5","7.9","16.5",".477","2.7","6.6",".408","5.2","9.9",".523",".559","2.8","3.2",".869","0.8","3.3","4.0","4.8","1.3","0.3","2.3","2.0","21.2","Jamal Murray","murraja01"
"2020-21",29,"OKC","NBA","C","35","0","18.4","3.4","7.6","0.446","1.9","5.3","0.37","1.5","2.4","0.614","0.573","0.9","1","0.917","0.5","3.2","3.8","0.8","0.2","0.3","0.6","1.5","9.7","Mike Muscala","muscami01"
"2020-21",23,"TOT","NBA","SF,SG","66","14","20.1","3.2","7.7","0.411","1.6","4.8","0.334","1.6","2.9","0.536","0.515","0.6","0.8","0.76","0.4","2.1","2.5","1.7","0.8","0.2","1.3","1","8.5","Svi Mykhailiuk","mykhasv01"
"2020-21",23,"DET","NBA","SF","36","5","17.6","2.3","6.2","0.377","1.6","4.8","0.333","0.8","1.4","0.519","0.504","0.7","0.8","0.8","0.3","1.8","2.1","1.6","0.8","0.2","1.1","0.9","6.9","Svi Mykhailiuk","mykhasv01"
"2020-21",23,"OKC","NBA","SG","30","9","23","4.1","9.4","0.438","1.6","4.8","0.336","2.5","4.7","0.543","0.523","0.5","0.7","0.7","0.4","2.5","3","1.8","0.8","0.2","1.6","1","10.3","Svi Mykhailiuk","mykhasv01"
"2020-21",28,"CLE","NBA","PF","35","27","31.2","3.7","7.8","0.471","1.2","3.3","0.36","2.5","4.5","0.551","0.546","0.9","1.4","0.612","1.5","5.2","6.7","3.1","1.7","0.5","1.6","2.1","9.3","Larry Nance Jr.","nancela02"
"2020-21",21,"BOS","NBA","SF","46","1","14.5","1.7","3.9","0.438","0.9","2.3","0.37","0.8","1.5","0.543","0.551","0.5","0.6","0.786","0.6","2.2","2.8","0.5","0.3","0.2","0.5","1.9","4.7","Aaron Nesmith","nesmiaa01"
"2020-21",28,"WAS","NBA","PG","64","22","21.9","3.3","7","0.468","1","2.6","0.39","2.3","4.4","0.512","0.539","1.2","1.3","0.882","0.4","2","2.4","2.3","1.1","0.1","0.8","1.7","8.7","Raul Neto","netora01"
"2020-21",27,"UTA","NBA","PF","72","10","16","2.5","5.6","0.437","1.7","4.1","0.425","0.7","1.6","0.469","0.59","0.3","0.3","0.957","0.4","2.1","2.4","0.8","0.3","0.1","0.7","1.6","6.9","Georges Niang","niangge01"
"2020-21",20,"DEN","NBA","PF","42","1","9.5","1.2","2.5","0.481","0.6","1.4","0.407","0.6","1.1","0.578","0.596","0.3","0.4","0.8","0.3","1.2","1.5","0.2","0.2","0.1","0.2","0.7","3.2","Zeke Nnaji","nnajize01"
"2020-21",26,"NYK","NBA","C","64","41","24.2","2.1","3.5",".614","0.0","0.0",".000","2.1","3.4",".623",".614","0.8","1.1",".714","2.2","4.2","6.4","0.7","1.1","2.2","1.0","2.8","5.1","Nerlens Noel","noelne01"
"2020-21",21,"MIN","NBA","SG","42","0","18.1","3.4","8","0.424","1.2","3.6","0.333","2.2","4.4","0.497","0.499","1.1","1.3","0.818","0.5","1.8","2.3","1.5","0.5","0.3","0.7","1.7","9","Jaylen Nowell","nowelja01"
"2020-21",22,"NYK","NBA","PG","33","4","9.8","0.9","2.4","0.367","0.7","1.5","0.479","0.2","0.9","0.194","0.513","0.2","0.5","0.444","0.2","0.8","0.9","0.6","0.5","0.1","0.3","1.4","2.7","Frank Ntilikina","ntilila01"
"2020-21",25,"MIA","NBA","PG","56","44","29.5","5.7","11.8",".485","2.2","5.7",".381","3.5","6.0",".583",".578","1.0","1.1",".933","0.4","2.8","3.2","2.6","0.9","0.3","1.4","1.9","14.6","Kendrick Nunn","nunnke01"
"2020-21",26,"POR","NBA","C","37","37","23.8","4.6","9","0.514","0.3","0.8","0.4","4.3","8.2","0.525","0.532","1.9","3.1","0.619","2.3","6.6","9","3.4","1","1.1","2","2.8","11.5","Jusuf Nurkić","nurkiju01"
"2020-21",22,"MIL","NBA","SF","30","2","9.1","2.1","4.5","0.459","0.9","2.1","0.452","1.1","2.4","0.466","0.563","0.6","0.8","0.76","0.3","1.7","2","0.2","0.5","0.2","0.8","0.7","5.7","Jordan Nwora","nworajo01"
"2020-21",27,"UTA","NBA","SF","71","71","31.6","2.5","5.5","0.444","1.5","3.9","0.385","1","1.6","0.586","0.58","0.5","0.6","0.848","1.2","5.6","6.8","2.5","0.8","0.5","1.2","2.6","7","Royce O'Neale","onealro01"
"2020-21",22,"ORL","NBA","PF","45","19","25.2","3","7.2","0.417","1.1","3.1","0.348","1.9","4.1","0.47","0.492","0.7","0.9","0.75","0.9","3.1","4","2.2","1.1","0.5","0.8","1.1","7.8","Chuma Okeke","okekech01"
"2020-21",22,"MIN","NBA","SG","59","37","20.3","1.7","4.3","0.402","0.5","1.8","0.269","1.2","2.5","0.5","0.459","1.4","1.8","0.769","1.1","1.6","2.6","1.1","0.9","0.5","0.7","2.1","5.4","Josh Okogie","okogijo01"
"2020-21",20,"ATL","NBA","C","50","4","12","1.9","3","0.644","0","0.1","0","1.9","2.9","0.658","0.644","0.7","1.1","0.632","1.2","2","3.3","0.4","0.5","0.7","0.6","2","4.6","Onyeka Okongwu","okongon01"
"2020-21",20,"CLE","NBA","SG","67","67","32.4","3.5","8.3","0.42","0.9","3.2","0.29","2.6","5.1","0.501","0.476","1.7","2.3","0.726","1","2.1","3.1","1.9","0.9","0.4","1.3","2.8","9.6","Isaac Okoro","okorois01"
"2020-21",21,"MIA","NBA","PF","37","9","12.1","1","2.6","0.375","0.3","1.4","0.24","0.6","1.2","0.522","0.438","0.2","0.4","0.533","0.6","1.3","1.8","0.5","0.3","0.3","0.4","1.6","2.5","KZ Okpala","okpalkz01"
"2020-21",28,"TOT","NBA","SG","33","33","32.7","7.1","17.5","0.408","2.4","7.2","0.326","4.8","10.2","0.466","0.476","3.2","4.2","0.754","0.4","4.5","4.8","4.6","1.4","0.4","2.5","2.5","19.8","Victor Oladipo","oladivi01"
"2020-21",28,"IND","NBA","SG","9","9","33.3","7.1","16.9","0.421","2.8","7.7","0.362","4.3","9.2","0.47","0.503","3","4.1","0.73","0.1","5.6","5.7","4.2","1.7","0.2","2","2.6","20","Victor Oladipo","oladivi01"
"2020-21",28,"HOU","NBA","SG","20","20","33.5","7.8","19.1","0.407","2.5","7.7","0.32","5.3","11.4","0.465","0.471","3.3","4.2","0.783","0.4","4.4","4.8","5","1.2","0.5","2.6","2.3","21.2","Victor Oladipo","oladivi01"
"2020-21",28,"MIA","NBA","SG","4","4","27.8","4","10.8","0.372","1","4.3","0.235","3","6.5","0.462","0.419","3","4.5","0.667","0.8","2.8","3.5","3.5","1.8","0.5","3.5","3.3","12","Victor Oladipo","oladivi01"
"2020-21",29,"TOT","NBA","C,PF","70","62","28.5","4.8","10","0.484","1.8","5.3","0.342","3","4.7","0.641","0.574","2.1","2.5","0.829","1.2","5.7","7","2.9","1.1","0.6","1.8","3","13.5","Kelly Olynyk","olynyke01"
"2020-21",29,"MIA","NBA","C","43","38","26.9","3.8","8.7","0.431","1.8","5.7","0.317","2","3.1","0.639","0.533","0.7","0.9","0.775","1","5","6.1","2.1","0.9","0.6","1.3","2.9","10","Kelly Olynyk","olynyke01"
"2020-21",29,"HOU","NBA","PF","27","24","31.1","6.5","11.9","0.545","1.8","4.6","0.392","4.7","7.3","0.643","0.621","4.2","5","0.844","1.6","6.9","8.4","4.1","1.4","0.6","2.6","3.1","19","Kelly Olynyk","olynyke01"
"2020-21",25,"CLE","NBA","SF","59","26","25.6","3.7","9.9","0.374","1.7","5.5","0.306","2","4.4","0.458","0.458","1.3","1.6","0.8","0.6","2.8","3.4","2.9","0.9","0.2","1.4","2","10.4","Cedi Osman","osmande01"
"2020-21",25,"GSW","NBA","SF","55","50","30.7","5.8","13.2","0.439","1.6","5.2","0.316","4.1","8","0.519","0.501","2.2","3.2","0.695","1.5","4.5","6","1.3","1","0.8","1.3","2.2","15.4","Kelly Oubre Jr.","oubreke01"
"2020-21",35,"PHO","NBA","PG","70","70","31.4","6.3","12.6","0.499","1.5","3.7","0.395","4.8","8.9","0.543","0.557","2.4","2.6","0.934","0.4","4.1","4.5","8.9","1.4","0.3","2.2","2.4","16.4","Chris Paul","paulch01"
"2020-21",26,"PHO","NBA","PG","60","1","18","3.2","6.6","0.484","1.2","2.8","0.44","2","3.8","0.515","0.576","0.8","0.9","0.893","0.3","2.1","2.4","3.6","0.6","0.3","1","1.6","8.4","Cameron Payne","payneca01"
"2020-21",28,"GSW","NBA","PG","10","0","4","1","1.3","0.769","0.2","0.4","0.5","0.8","0.9","0.889","0.846","0.3","0.4","0.75","0.2","0.9","1.1","0.1","0.6","0.1","0.1","0.8","2.5","Gary Payton II","paytoga02"
"2020-21",25,"NYK","NBA","SG","17","0","2","0.1","0.5","0.111","0","0.5","0","0.1","0.1","1","0.111","0","0",NA,"0","0.3","0.3","0.1","0","0","0.1","0.2","0.1","Theo Pinson","pinsoth01"
"2020-21",30,"DET","NBA","C","56","56","26.8","4.2","6.8","0.614","0","0.1","0","4.2","6.7","0.626","0.614","2","3","0.669","2.6","6.7","9.3","3.6","0.8","0.9","1.9","3.3","10.4","Mason Plumlee","plumlma01"
"2020-21",25,"SAS","NBA","C","69","51","26.7","3.8","6.2","0.616","0","0",NA,"3.8","6.2","0.616","0.616","0.9","1.8","0.508","3.2","4.8","7.9","1.9","0.7","1.8","1.2","2.5","8.6","Jakob Poeltl","poeltja01"
"2020-21",19,"OKC","NBA","PF","45","28","24.2","3.1","9.1","0.341","1.3","4.6","0.28","1.8","4.5","0.403","0.412","0.7","0.9","0.738","0.7","4","4.7","2.2","0.4","0.9","2.2","1.3","8.2","Aleksej Pokusevski","pokusal01"
"2020-21",21,"GSW","NBA","SG","51","7","19.4","4","9.3","0.432","1.9","5.4","0.351","2.1","3.9","0.545","0.535","2.1","2.3","0.882","0.3","1.5","1.8","1.9","0.5","0.2","1","1.7","12","Jordan Poole","poolejo01"
"2020-21",20,"HOU","NBA","SG","26","23","32.1","6","14.1","0.425","1.9","6.2","0.311","4.1","7.9","0.515","0.493","2.7","3.6","0.734","0.8","3","3.8","6.3","0.7","0.3","3.5","2.3","16.6","Kevin Porter Jr.","porteke02"
"2020-21",22,"DEN","NBA","SF","61","54","31.3","7.3","13.4",".542","2.8","6.3",".445","4.5","7.1",".628",".646","1.7","2.2",".791","1.5","5.8","7.3","1.1","0.7","0.9","1.3","2.1","19.0","Michael Porter Jr.","portemi01"
"2020-21",27,"TOT","NBA","PF,SF","28","6","21.6","3.5","8.1","0.432","1.4","3.7","0.375","2.1","4.4","0.48","0.518","1.3","1.5","0.857","1","4.4","5.4","2","0.6","0.1","0.9","1.5","9.7","Otto Porter Jr.","porteot01"
"2020-21",27,"CHI","NBA","SF","25","6","21.6","3.6","8.1","0.441","1.5","3.8","0.4","2","4.3","0.477","0.535","1.2","1.5","0.838","1.1","4.4","5.5","2","0.5","0.2","1","1.5","9.9","Otto Porter Jr.","porteot01"
"2020-21",27,"ORL","NBA","PF","3","0","22","3","8.3","0.36","0.3","3","0.111","2.7","5.3","0.5","0.38","1.7","1.7","1","0","4.7","4.7","1.7","1.3","0","0","1.3","8","Otto Porter Jr.","porteot01"
"2020-21",25,"MIL","NBA","C","66","7","20.8","4.7","9.1","0.523","1.1","2.4","0.471","3.6","6.7","0.542","0.585","0.8","1.1","0.74","1.9","5.2","7.1","1.1","0.8","0.4","0.8","1.7","11.4","Bobby Portis","portibo01"
"2020-21",25,"DAL","NBA","C","43","43","30.9","7.6","15.9",".476","2.3","6.0",".376","5.3","9.9",".536",".547","2.7","3.2",".855","1.9","7.0","8.9","1.6","0.5","1.3","1.2","2.7","20.1","Kristaps Porziņģis","porzikr01"
"2020-21",29,"DAL","NBA","C","58","19","16.7","2.1","3.3","0.619","0.1","0.4","0.238","2","3","0.665","0.631","1.7","2.1","0.782","1.4","2.7","4","1.1","0.6","0.5","0.7","2.3","5.9","Dwight Powell","poweldw01"
"2020-21",27,"TOT","NBA","SF,SG","69","58","32","6.3","13.3","0.477","2.5","6","0.411","3.9","7.3","0.532","0.57","3.4","3.9","0.871","0.6","2.5","3.1","1.9","1.2","0.3","1.7","2.3","18.6","Norman Powell","powelno01"
"2020-21",27,"TOR","NBA","SG","42","31","30.4","6.7","13.5","0.498","2.8","6.4","0.439","3.9","7.1","0.552","0.602","3.4","3.9","0.865","0.5","2.5","3","1.8","1.1","0.2","1.8","2.3","19.6","Norman Powell","powelno01"
"2020-21",27,"POR","NBA","SF","27","27","34.4","5.8","13","0.443","2","5.4","0.361","3.8","7.6","0.502","0.518","3.5","4","0.88","0.9","2.4","3.3","1.9","1.3","0.4","1.6","2.3","17","Norman Powell","powelno01"
"2020-21",26,"TOT","NBA","PF","41","10","22.1","3.2","8","0.401","1.5","3.8","0.4","1.7","4.2","0.401","0.495","1.6","1.9","0.855","0.5","3","3.5","1.9","0.7","0.6","1.1","1.8","9.5","Taurean Prince","princta02"
"2020-21",26,"BRK","NBA","PF","12","4","18.2","2.5","6.2","0.405","1.1","3.1","0.351","1.4","3.1","0.459","0.493","2","2.3","0.889","0.2","2.7","2.8","0.6","0.7","0.7","0.9","1.8","8.1","Taurean Prince","princta02"
"2020-21",26,"CLE","NBA","PF","29","6","23.7","3.5","8.7","0.399","1.7","4.1","0.415","1.8","4.7","0.385","0.496","1.4","1.7","0.837","0.6","3.1","3.7","2.4","0.7","0.5","1.2","1.9","10.1","Taurean Prince","princta02"
"2020-21",23,"BOS","NBA","SG","66","4","19.2","2.8","6.3","0.44","1.5","3.8","0.411","1.2","2.6","0.482","0.562","0.6","0.7","0.889","0.5","1.9","2.4","1.8","0.6","0.1","0.8","1.6","7.7","Payton Pritchard","pritcpa01"
"2020-21",21,"NYK","NBA","PG","64","3","19.4","3.6","9.1","0.395","1.8","4.7","0.389","1.7","4.3","0.401","0.497","2.4","2.7","0.891","0.4","1.8","2.1","2","0.5","0.2","0.9","1.8","11.4","Immanuel Quickley","quickim01"
"2020-21",26,"NYK","NBA","PF","71","71","37.6","8.5","18.6","0.456","2.3","5.5","0.411","6.2","13.1","0.474","0.516","4.9","6","0.811","1.2","9","10.2","6","0.9","0.3","3.4","3.2","24.1","Julius Randle","randlju01"
"2020-21",21,"ATL","NBA","SF","26","21","28.8","3.7","10.1","0.365","1.3","4.8","0.262","2.4","5.3","0.46","0.428","2.6","3.2","0.817","0.8","3.2","4","1.3","1.3","0.3","1.3","2.6","11.2","Cam Reddish","reddica01"
"2020-21",21,"PHI","NBA","PF","26","0","6.8","1.6","3","0.538","0","0.2","0","1.6","2.8","0.583","0.538","0.2","0.3","0.5","1.2","1.2","2.3","0.5","0.4","0.5","0.5","1.1","3.4","Paul Reed","reedpa01"
"2020-21",21,"MIN","NBA","C","70","15","19.2","4.3","8.3","0.523","0.9","2.5","0.351","3.5","5.8","0.597","0.576","1.6","2.4","0.693","1.2","3.4","4.6","1","0.5","1.1","1","2.6","11.2","Naz Reid","reidna01"
"2020-21",23,"CHO","NBA","PF","18","0","3.5","0.2","0.5","0.444","0","0.1","0","0.2","0.4","0.5","0.444","0.4","0.6","0.636","0.2","0.4","0.6","0.1","0","0","0.2","0.4","0.8","Nick Richards","richani01"
"2020-21",27,"DAL","NBA","SG","59","56","30.3","4.5","10.5","0.427","1.5","4.5","0.33","3","5.9","0.501","0.498","1.7","1.8","0.917","0.9","2.4","3.3","2.6","1","0.4","1.3","2.2","12.1","Josh Richardson","richajo01"
"2020-21",28,"TOT","NBA","SG","36","7","23.5","2.9","6.8","0.424","1.5","4.1","0.369","1.4","2.7","0.51","0.537","0.6","0.9","0.71","0.2","2.1","2.3","2.3","0.8","0.1","1","1.8","7.9","Austin Rivers","riverau01"
"2020-21",28,"NYK","NBA","SG","21","2","21","2.8","6.4","0.43","1.3","3.7","0.364","1.4","2.8","0.517","0.533","0.5","0.7","0.714","0.2","2","2.2","2","0.6","0","1","1.5","7.3","Austin Rivers","riverau01"
"2020-21",28,"DEN","NBA","SG","15","5","26.9","3.1","7.3","0.418","1.8","4.8","0.375","1.3","2.5","0.5","0.541","0.8","1.1","0.706","0.2","2.1","2.3","2.6","1.2","0.1","0.9","2.1","8.7","Austin Rivers","riverau01"
"2020-21",26,"MIA","NBA","SF","72","72","31.4","4.4","10","0.439","3.5","8.5","0.408","0.9","1.4","0.625","0.614","0.9","1","0.827","0.1","3.4","3.5","1.8","0.6","0.3","1.1","2.5","13.1","Duncan Robinson","robindu01"
"2020-21",22,"NYK","NBA","C","31","29","27.5","3.7","5.7","0.653","0","0",NA,"3.7","5.7","0.653","0.653","0.8","1.7","0.491","3.6","4.5","8.1","0.5","1.1","1.5","0.8","2.8","8.3","Mitchell Robinson","robinmi01"
"2020-21",22,"OKC","NBA","PF","61","34","23.4","3.4","7","0.483","0.5","1.8","0.294","2.9","5.2","0.547","0.52","1.4","1.9","0.744","1.5","4.1","5.6","1.8","0.9","0.6","1.9","2.7","8.7","Isaiah Roby","robyis01"
"2020-21",32,"TOT","NBA","PG","50","3","25.6","5.7","12.2",".470","1.0","2.6",".388","4.7","9.6",".492",".511","2.2","2.5",".866","0.4","2.2","2.6","4.2","1.0","0.4","1.6","1.1","14.7","Derrick Rose","rosede01"
"2020-21",32,"DET","NBA","PG","15","0","22.8","5.3","12.3",".429","0.9","2.6",".333","4.4","9.7",".455",".465","2.8","3.3",".840","0.4","1.5","1.9","4.2","1.2","0.3","1.9","1.1","14.2","Derrick Rose","rosede01"
"2020-21",32,"NYK","NBA","PG","35","3","26.8","5.9","12.2",".487","1.1","2.6",".411","4.9","9.6",".507",".530","1.9","2.2",".883","0.4","2.5","2.9","4.2","0.9","0.4","1.4","1.1","14.9","Derrick Rose","rosede01"
"2020-21",29,"ORL","NBA","SG","46","2","29.3","5.5","13.4","0.412","1.9","5.7","0.337","3.6","7.7","0.469","0.485","2.6","3","0.87","0.3","3.1","3.4","2.3","1","0.5","1.6","1.9","15.6","Terrence Ross","rosste01"
"2020-21",26,"CHO","NBA","SG","69","69","34.5","7.4","16.4","0.45","3.2","8.3","0.389","4.2","8.2","0.512","0.548","2.4","2.9","0.817","0.7","3.7","4.4","4.2","1.3","0.4","1.9","1.7","20.4","Terry Rozier","roziete01"
"2020-21",30,"MIN","NBA","PG","68","51","26.1","2.8","7.3",".388","1.0","3.1",".308","1.9","4.2",".447",".454","1.9","2.2",".867","0.4","2.9","3.3","6.4","1.4","0.1","1.6","2.0","8.6","Ricky Rubio","rubiori01"
"2020-21",24,"MIN","NBA","PG","42","26","28.5","6.7","15.5","0.431","2.9","7.4","0.387","3.8","8.1","0.471","0.523","2.7","3.5","0.765","0.4","2.3","2.6","5.8","1.1","0.4","2.7","1.6","19","D'Angelo Russell","russeda01"
"2020-21",24,"IND","NBA","PF","62","62","36","7.8","14.6","0.535","0.8","2.6","0.321","7","12","0.582","0.564","3.9","5.3","0.732","2.4","9.5","12","6.7","1.2","0.5","3.4","3.3","20.3","Domantas Sabonis","sabondo01"
"2020-21",21,"SAS","NBA","PF","33","4","9.3","1.4","3.2","0.448","0.4","1.3","0.279","1.1","1.9","0.565","0.505","0.5","0.9","0.552","0.5","1.6","2.1","0.5","0.2","0.2","0.6","1.3","3.7","Luka Šamanić","samanlu01"
"2020-21",26,"PHO","NBA","C","50","4","17.4","3.1","6.8",".447","0.9","2.7",".348","2.1","4.1",".512",".516","1.7","2.0",".848","0.9","2.9","3.8","1.3","0.6","0.1","1.1","1.9","8.7","Dario Šarić","saricda01"
"2020-21",27,"LAL","NBA","SG","61","61","32.1","5.4","12.5","0.437","1.2","3.5","0.335","4.3","9","0.476","0.484","3.4","4","0.848","0.5","3","3.5","5.8","1.1","0.2","2.7","2.6","15.4","Dennis Schröder","schrode01"
"2020-21",20,"LAC","NBA","SG","4","1","21","3.5","9","0.389","0.5","2.3","0.222","3","6.8","0.444","0.417","1.3","1.3","1","0.5","3","3.5","0.3","1","0","1.8","1.3","8.8","Jay Scrubb","scrubja01"
"2020-21",22,"CLE","NBA","SG","60","60","35.3","8.8","18.4","0.475","1.6","4.4","0.371","7.1","14","0.508","0.519","5.2","6.4","0.815","1","2.2","3.1","4.4","1","0.2","2.8","2.6","24.3","Collin Sexton","sextoco01"
"2020-21",23,"BRK","NBA","SG","61","12","23","3","7.5","0.408","2.1","5.5","0.387","0.9","2","0.463","0.549","1.1","1.3","0.846","0.2","1.7","1.8","1.6","0.5","0.2","0.8","1.5","9.3","Landry Shamet","shamela01"
"2020-21",26,"TOR","NBA","PF","56","56","35.8","7.8","17.2","0.455","1.3","4.4","0.297","6.5","12.8","0.509","0.493","4.4","5.4","0.827","1.7","5.5","7.2","4.5","1.1","0.7","2.3","3.1","21.4","Pascal Siakam","siakapa01"
"2020-21",24,"TOT","NBA","PF","15","0","6.1","0.7","1.1","0.625","0.1","0.1","1","0.6","1","0.6","0.656","0.7","1","0.733","0.5","1.3","1.8","0.4","0.1","0.4","0.7","1.6","2.1","Chris Silva","silvach01"
"2020-21",24,"MIA","NBA","PF","11","0","7.5","0.8","1.2","0.692","0.1","0.1","1","0.7","1.1","0.667","0.731","1","1.4","0.733","0.6","1.6","2.3","0.5","0.1","0.5","0.8","1.8","2.7","Chris Silva","silvach01"
"2020-21",24,"SAC","NBA","PF","4","0","2.3","0.3","0.8","0.333","0","0",NA,"0.3","0.8","0.333","0.333","0","0",NA,"0","0.5","0.5","0","0","0.3","0.3","1","0.5","Chris Silva","silvach01"
"2020-21",24,"PHI","NBA","PG","58","58","32.4","5.6","10.1",".557","0.1","0.2",".300","5.6","9.9",".562",".560","3.0","4.9",".613","1.6","5.6","7.2","6.9","1.6","0.6","3.0","2.9","14.3","Ben Simmons","simmobe01"
"2020-21",21,"POR","NBA","SG","64","0","17.3","2.6","6.3","0.419","1.9","4.4","0.426","0.8","1.9","0.403","0.569","0.7","0.9","0.807","0.2","2","2.2","1.4","0.3","0.1","0.7","1.5","7.8","Anfernee Simons","simonan01"
"2020-21",26,"BOS","NBA","PG","48","45","32.9","4.2","10.6","0.398","1.9","5.9","0.33","2.3","4.8","0.482","0.489","2.7","3.4","0.79","0.8","2.7","3.5","5.7","1.5","0.5","2","2.6","13.1","Marcus Smart","smartma01"
"2020-21",23,"TOT","NBA","PG","23","9","18.3","2.5","6.3","0.4","0.8","2.5","0.328","1.7","3.8","0.448","0.466","0.8","1.1","0.731","0.5","1.9","2.4","3.3","1","0.6","1.1","1.6","6.7","Dennis Smith Jr.","smithde03"
"2020-21",23,"NYK","NBA","PG","3","0","9.3","0.7","3.3","0.2","0","1.3","0","0.7","2","0.333","0.2","1.7","2","0.833","0","0.7","0.7","1","1","0","0.3","1.3","3","Dennis Smith Jr.","smithde03"
"2020-21",23,"DET","NBA","PG","20","9","19.6","2.8","6.8","0.415","1","2.7","0.352","1.9","4.1","0.457","0.485","0.7","1","0.7","0.6","2.1","2.7","3.7","1","0.7","1.3","1.7","7.3","Dennis Smith Jr.","smithde03"
"2020-21",32,"WAS","NBA","PG","44","1","21","2.9","6.8","0.434","0.4","1.1","0.367","2.5","5.6","0.448","0.465","0.4","0.8","0.576","0.5","2.9","3.4","3.9","0.7","0.3","0.9","1.4","6.7","Ish Smith","smithis01"
"2020-21",20,"PHO","NBA","PF","27","1","5.8","0.8","1.9","0.44","0.1","0.6","0.235","0.7","1.2","0.545","0.48","0.2","0.3","0.714","0.3","1.1","1.4","0.1","0","0.2","0.3","0.6","2","Jalen Smith","smithja04"
"2020-21",23,"CLE","NBA","PF","40","0","12.5","1.6","3.4","0.456","0.1","0.6","0.16","1.5","2.8","0.523","0.471","0.9","1.3","0.725","0.6","1.8","2.4","0.6","0.4","0.3","0.6","1.3","4.1","Lamar Stevens","stevela01"
"2020-21",19,"DET","NBA","C","68","14","21.4","3.3","6","0.553","0.3","0.9","0.333","3","5.1","0.592","0.578","0.9","1.4","0.696","2.3","4.3","6.7","0.9","0.6","1.3","1","2.7","7.9","Isaiah Stewart","stewais01"
"2020-21",24,"MIA","NBA","SF","39","0","13","2.2","4.8","0.455","1.3","3.8","0.338","0.9","1","0.897","0.588","0.4","0.6","0.667","0.1","0.9","1.1","0.6","0.3","0.1","0.2","1.1","6.1","Max Strus","strusma01"
"2020-21",25,"IND","NBA","SG","53","24","16.2","2.8","5.3",".525","0.7","1.7",".398","2.1","3.7",".582",".587","1.3","1.6",".819","0.3","1.4","1.8","0.9","0.6","0.2","1.0","1.7","7.5","Edmond Sumner","sumneed01"
"2020-21",25,"HOU","NBA","SF","70","58","29.2","4.5","8.9","0.506","0.9","2.8","0.308","3.7","6.1","0.595","0.554","1.5","2.1","0.694","1.9","3.5","5.3","2.5","1.2","0.5","1.4","3.2","11.3","Jae'Sean Tate","tateja01"
"2020-21",22,"BOS","NBA","SF","64","64","35.8","9.5","20.6","0.459","2.9","7.6","0.386","6.5","13","0.502","0.53","4.6","5.3","0.868","0.8","6.6","7.4","4.3","1.2","0.5","2.7","1.9","26.4","Jayson Tatum","tatumja01"
"2020-21",34,"CHI","NBA","SG","56","25","27.3","2.8","6.8",".415","1.2","3.6",".335","1.6","3.2",".503",".503","0.7","0.9",".800","0.5","2.3","2.9","2.2","0.8","0.5","1.0","2.3","7.6","Garrett Temple","templga01"
"2020-21",28,"TOT","NBA","C","65","51","24.6","3.9","7.2","0.541","0.8","2.3","0.322","3.1","4.8","0.646","0.593","1.1","1.7","0.673","1.4","4","5.5","1.7","0.6","0.9","1","2.6","9.6","Daniel Theis","theisda01"
"2020-21",28,"BOS","NBA","C","42","37","24.5","3.8","6.9","0.552","0.8","2.3","0.347","3","4.6","0.653","0.609","1.1","1.6","0.687","1.3","4","5.2","1.6","0.6","1","1","2.9","9.5","Daniel Theis","theisda01"
"2020-21",28,"CHI","NBA","C","23","14","25","4","7.7","0.522","0.7","2.5","0.281","3.3","5.3","0.636","0.567","1.2","1.9","0.651","1.7","4.2","5.9","1.8","0.7","0.6","1.1","2","10","Daniel Theis","theisda01"
"2020-21",30,"Did Not Play (injury—achilles)","Did Not Play (injury—achilles)","Did Not Play (injury—achilles)","Did Not Play (injury—achilles)","Did Not Play (injury—achilles)","Did Not Play (injury—achilles)","Did Not Play (injury—achilles)","Did Not Play (injury—achilles)","Did Not Play (injury—achilles)","Did Not Play (injury—achilles)","Did Not Play (injury—achilles)","Did Not Play (injury—achilles)","Did Not Play (injury—achilles)","Did Not Play (injury—achilles)","Did Not Play (injury—achilles)","Did Not Play (injury—achilles)","Did Not Play (injury—achilles)","Did Not Play (injury—achilles)","Did Not Play (injury—achilles)","Did Not Play (injury—achilles)","Did Not Play (injury—achilles)","Did Not Play (injury—achilles)","Did Not Play (injury—achilles)","Did Not Play (injury—achilles)","Did Not Play (injury—achilles)","Did Not Play (injury—achilles)","Did Not Play (injury—achilles)","Did Not Play (injury—achilles)","Klay Thompson","thompkl01"
"2020-21",23,"PHI","NBA","SG","65","8","20","1.6","3.7","0.42","0.7","2.2","0.301","0.9","1.5","0.59","0.508","0.1","0.3","0.444","0.5","1.4","1.9","1","1.6","1.1","0.5","2","3.9","Matisse Thybulle","thybuma01"
"2020-21",22,"MEM","NBA","PF","59","12","18.4","2.8","5.1","0.559","0.4","1.1","0.338","2.5","4","0.62","0.595","0.6","0.9","0.642","1.3","3.1","4.3","1.3","0.7","0.6","0.8","2","6.6","Xavier Tillman Sr.","tillmxa01"
"2020-21",22,"NYK","NBA","PF","62","0","11","1.7","3.4","0.498","0.4","1.4","0.306","1.3","2","0.629","0.56","0.3","0.4","0.731","0.4","1.8","2.2","0.5","0.3","0.2","0.4","0.9","4.1","Obi Toppin","toppiob01"
"2020-21",27,"GSW","NBA","SG","53","16","20.9","2.3","3.9","0.579","0.7","1.7","0.402","1.6","2.2","0.718","0.667","0.4","0.6","0.71","0.5","3.9","4.4","2.8","0.8","0.5","1.2","2.1","5.7","Juan Toscano-Anderson","toscaju01"
"2020-21",25,"MIN","NBA","C","50","50","33.8","8.5","17.5","0.486","2.4","6.3","0.387","6.1","11.2","0.541","0.555","5.3","6.2","0.859","2.7","7.9","10.6","4.5","0.8","1.1","3.2","3.7","24.8","Karl-Anthony Towns","townska01"
"2020-21",22,"TOT","NBA","SG","58","38","31.1","5.5","13.5","0.408","2.8","7.4","0.385","2.7","6.1","0.435","0.513","1.4","1.8","0.783","0.5","2.2","2.6","1.4","1","0.2","0.7","1.6","15.3","Gary Trent Jr.","trentga02"
"2020-21",22,"POR","NBA","SG","41","23","30.8","5.3","12.8","0.414","3","7.4","0.397","2.3","5.3","0.438","0.53","1.4","1.8","0.773","0.5","1.7","2.2","1.4","0.9","0.1","0.8","1.5","15","Gary Trent Jr.","trentga02"
"2020-21",22,"TOR","NBA","SG","17","15","31.8","6.1","15.4","0.395","2.6","7.3","0.355","3.5","8.1","0.431","0.479","1.5","1.8","0.806","0.4","3.2","3.6","1.3","1.1","0.2","0.7","1.7","16.2","Gary Trent Jr.","trentga02"
"2020-21",35,"TOT","NBA","PF","52","33","26.1","1.3","3.4",".373","0.8","2.3",".336","0.5","1.1",".448",".486","0.4","0.5",".750","1.0","2.9","3.9","1.2","0.8","0.4","0.8","2.4","3.7","P.J. Tucker","tuckepj01"
"2020-21",35,"HOU","NBA","PF","32","32","30.0","1.5","4.1",".366","0.8","2.7",".314","0.7","1.4",".467",".469","0.6","0.7",".783","1.0","3.6","4.6","1.4","0.9","0.6","1.0","2.8","4.4","P.J. Tucker","tuckepj01"
"2020-21",35,"MIL","NBA","PF","20","1","19.9","0.9","2.3",".391","0.7","1.7",".394","0.3","0.7",".385",".533","0.2","0.3",".600","0.9","1.9","2.8","0.8","0.5","0.1","0.4","1.7","2.6","P.J. Tucker","tuckepj01"
"2020-21",24,"IND","NBA","C","47","47","31","4.4","9.2","0.477","1.5","4.4","0.335","2.9","4.8","0.606","0.557","2.4","3","0.782","1.3","5.2","6.5","1","0.9","3.4","1.4","3.5","12.6","Myles Turner","turnemy01"
"2020-21",28,"MEM","NBA","C","62","61","28.3","7.1","12","0.592","0.3","0.9","0.368","6.8","11.1","0.611","0.606","2.5","3.3","0.773","4.1","8.4","12.5","1.8","0.6","0.9","1.6","2.9","17.1","Jonas Valančiūnas","valanjo01"
"2020-21",26,"TOR","NBA","SG","52","52","36.5","6.5","16.7","0.389","3.3","9.2","0.366","3.2","7.6","0.416","0.489","3.3","3.7","0.885","0.6","3.6","4.2","6.3","1.7","0.7","1.8","2.3","19.6","Fred VanVleet","vanvlfr01"
"2020-21",21,"MIN","NBA","PF","64","30","17.8","2.2","3.7","0.606","0","0.1","0.2","2.2","3.6","0.615","0.608","0.9","1.6","0.559","1.8","3.9","5.8","1.2","1","0.7","0.8","1.9","5.4","Jarred Vanderbilt","vandeja01"
"2020-21",20,"SAS","NBA","SF","62","7","17","2","4.9","0.406","0.8","2.4","0.347","1.1","2.5","0.464","0.492","0.7","0.8","0.843","0.4","2.4","2.8","0.9","0.7","0.3","0.4","1.4","5.5","Devin Vassell","vassede01"
"2020-21",24,"MIA","NBA","PG","50","7","13.1","1.8","4.7","0.378","0.9","3","0.309","0.8","1.7","0.5","0.476","0.4","0.5","0.87","0.2","0.9","1.1","1.3","0.4","0","0.7","1.6","4.8","Gabe Vincent","vincega01"
"2020-21",25,"BRK","NBA","C","4","0","2.8","0.0","0.8",".000","0.0","0.5",".000","0.0","0.3",".000",".000","0.0","0.0","","0.0","0.3","0.3","0.3","0.0","0.0","0.5","0.5","0.0","Noah Vonleh","vonleno01"
"2020-21",30,"TOT","NBA","C","70","70","33.5","9.5","19.9","0.477","2.5","6.3","0.4","7","13.7","0.513","0.54","1.9","2.2","0.84","2.1","9.6","11.7","3.8","0.9","0.7","1.8","2","23.4","Nikola Vučević","vucevni01"
"2020-21",30,"ORL","NBA","C","44","44","34.1","9.9","20.6","0.48","2.7","6.5","0.406","7.3","14.1","0.515","0.545","2.1","2.5","0.827","2","9.8","11.8","3.8","1","0.6","1.9","1.8","24.5","Nikola Vučević","vucevni01"
"2020-21",30,"CHI","NBA","C","26","26","32.6","8.8","18.8","0.471","2.3","5.8","0.388","6.6","12.9","0.509","0.532","1.5","1.8","0.87","2.3","9.3","11.5","3.9","0.9","0.8","1.7","2.2","21.5","Nikola Vučević","vucevni01"
"2020-21",24,"CLE","NBA","PF","63","19","19.2","2.1","4.9","0.431","1.2","3.4","0.366","0.9","1.6","0.571","0.556","0.5","0.6","0.769","0.6","2.8","3.4","1.2","0.6","0.3","0.5","1.2","6","Dean Wade","wadede01"
"2020-21",23,"TOT","NBA","C","45","24","16","2.3","5.1","0.454","0.7","2","0.341","1.6","3.1","0.529","0.522","1.6","1.9","0.816","0.6","2.6","3.2","1.1","0.6","0.4","1","2.4","6.9","Moritz Wagner","wagnemo01"
"2020-21",23,"WAS","NBA","C","25","13","15","2.5","4.9","0.508","0.5","1.7","0.31","2","3.2","0.613","0.561","1.6","2.1","0.788","0.5","2.4","2.9","1.3","0.9","0.3","0.8","2.5","7.1","Moritz Wagner","wagnemo01"
"2020-21",23,"BOS","NBA","C","9","1","6.8","0.4","1.6","0.286","0.2","0.7","0.333","0.2","0.9","0.25","0.357","0.1","0.2","0.5","0.3","1.8","2.1","0.7","0","0.1","1","1.1","1.2","Moritz Wagner","wagnemo01"
"2020-21",23,"ORL","NBA","C","11","10","26","3.5","8.5","0.409","1.5","3.9","0.372","2","4.5","0.44","0.495","2.6","3","0.879","1","3.9","4.9","1.1","0.4","0.8","1.2","3.3","11","Moritz Wagner","wagnemo01"
"2020-21",30,"BOS","NBA","PG","43","43","31.8","6.6","15.7","0.42","3","8.2","0.36","3.7","7.5","0.486","0.514","3.1","3.5","0.899","0.4","3.6","4","4.9","1.1","0.3","2","1.4","19.3","Kemba Walker","walkeke02"
"2020-21",22,"SAS","NBA","SG","60","38","25.4","4.3","10.2","0.42","1.7","4.7","0.355","2.6","5.5","0.477","0.502","1","1.2","0.814","0.2","2.4","2.6","1.7","0.5","0.3","1.1","1.7","11.2","Lonnie Walker IV","walkelo01"
"2020-21",30,"HOU","NBA","PG","40","40","32.2","7.3","18.2",".404","2.0","6.2",".317","5.4","11.9",".449",".458","4.0","5.3",".749","0.4","2.8","3.2","6.9","1.1","0.8","3.5","1.2","20.6","John Wall","walljo01"
"2020-21",27,"IND","NBA","SF","4","4","29.3","6.8","12.8",".529","0.0","1.8",".000","6.8","11.0",".614",".529","2.0","2.5",".800","0.5","3.0","3.5","1.3","0.5","0.0","1.0","4.0","15.5","T.J. Warren","warretj01"
"2020-21",22,"CHO","NBA","PF","64","61","30.5","4.7","10.7","0.44","1.8","4.5","0.386","3","6.2","0.48","0.522","1.7","2.3","0.745","1.5","5.1","6.5","2.5","1.1","1.2","2","2.7","12.9","P.J. Washington","washipj01"
"2020-21",26,"TOR","NBA","SF","50","4","14.5","1.6","3.6","0.439","0.7","1.8","0.4","0.9","1.8","0.478","0.539","0.5","0.6","0.828","0.7","2.5","3.2","0.8","0.5","0.4","0.4","1.1","4.4","Yuta Watanabe","watanyu01"
"2020-21",32,"WAS","NBA","PG","65","65","36.4","8.4","19","0.439","1.3","4.2","0.315","7","14.8","0.475","0.474","4.2","6.4","0.656","1.7","9.9","11.5","11.7","1.4","0.4","4.8","2.9","22.2","Russell Westbrook","westbru01"
"2020-21",20,"CHI","NBA","PG","69","54","31.2","5.4","13.1","0.416","2.4","6.6","0.359","3.1","6.5","0.473","0.506","1.9","2.1","0.901","0.4","3.7","4.1","4.8","0.6","0.2","2.3","2.6","15.1","Coby White","whiteco01"
"2020-21",26,"SAS","NBA","SG","36","32","29.6","5.2","12.6","0.411","2.3","6.8","0.346","2.8","5.8","0.486","0.503","2.7","3.2","0.851","0.4","2.6","3","3.5","0.7","1","1.3","2.5","15.4","Derrick White","whitede01"
"2020-21",25,"GSW","NBA","PF","71","71","33.3","7.1","14.9","0.477","2","5.2","0.38","5.1","9.7","0.529","0.543","2.4","3.4","0.714","1.2","3.7","4.9","2.4","0.9","1","1.8","2.2","18.6","Andrew Wiggins","wiggian01"
"2020-21",22,"BOS","NBA","PF","63","9","18.1","1.7","3.9","0.437","0.8","2","0.372","1","1.9","0.508","0.534","0.5","0.8","0.588","0.8","2.1","2.8","1","0.5","0.4","0.9","2.6","4.7","Grant Williams","willigr01"
"2020-21",26,"OKC","NBA","PF","66","13","21.6","3.3","6.2","0.533","0.8","1.8","0.444","2.5","4.5","0.568","0.596","0.5","1","0.571","1.3","2.9","4.1","2.3","0.8","0.3","1.2","2.2","8","Kenrich Williams","willike04"
"2020-21",19,"CHI","NBA","PF","71","71","27.9","3.6","7.4","0.483","0.8","1.9","0.391","2.8","5.5","0.515","0.534","1.3","1.8","0.728","0.9","3.7","4.6","1.4","0.9","0.6","1.4","1.8","9.2","Patrick Williams","willipa01"
"2020-21",23,"BOS","NBA","C","52","13","18.9","3.6","5","0.721","0","0","0","3.6","4.9","0.727","0.721","0.9","1.4","0.616","2.6","4.3","6.9","1.8","0.8","1.8","1","2","8","Robert Williams","williro04"
"2020-21",20,"NOP","NBA","PF","61","61","33.2","10.4","17.0",".611","0.2","0.6",".294","10.2","16.4",".622",".616","6.0","8.7",".698","2.7","4.5","7.2","3.7","0.9","0.6","2.7","2.2","27.0","Zion Williamson","willizi01"
"2020-21",24,"CLE","NBA","SF","31","0","16.5","1.8","4.2","0.438","0.8","2.5","0.338","1","1.7","0.585","0.538","0.7","0.9","0.778","0.6","2.8","3.5","1.1","0.6","0.4","1","1.2","5.2","Dylan Windler","windldy01"
"2020-21",24,"MEM","NBA","SF","26","1","19.5","2.8","8.1","0.352","0.4","2.1","0.185","2.5","6","0.41","0.376","0.8","1.3","0.571","0.7","3.8","4.5","1.9","0.6","0.5","1.4","1.8","6.8","Justise Winslow","winslju01"
"2020-21",19,"GSW","NBA","C","39","27","21.4","4.9","9.4",".519","0.3","1.0",".316","4.6","8.5",".542",".535","1.4","2.2",".628","1.4","4.4","5.8","0.7","0.3","0.9","1.5","3.1","11.5","James Wiseman","wisemja01"
"2020-21",25,"HOU","NBA","C","41","41","32.3","8","15.6","0.514","1.9","5","0.374","6.1","10.6","0.581","0.574","3","4.8","0.631","1.9","7.8","9.6","1.7","0.8","1.2","2","2.1","21","Christian Wood","woodch01"
"2020-21",28,"TOT","NBA","PG,SG","63","39","27.7","3.8","8.2","0.463","1","2.7","0.372","2.8","5.5","0.509","0.525","1.6","2","0.802","1","3.2","4.3","4.4","1.6","0.5","1.3","1.2","10.2","Delon Wright","wrighde01"
"2020-21",28,"DET","NBA","SG","36","31","29.2","3.8","8.1","0.464","0.9","2.5","0.348","2.9","5.7","0.515","0.517","2","2.5","0.789","1","3.5","4.6","5","1.6","0.5","1.3","1.3","10.4","Delon Wright","wrighde01"
"2020-21",28,"SAC","NBA","PG","27","8","25.8","3.9","8.3","0.462","1.2","3.1","0.398","2.6","5.3","0.5","0.536","1.1","1.3","0.833","1","2.9","3.9","3.6","1.6","0.4","1.3","1.1","10","Delon Wright","wrighde01"
"2020-21",32,"CHI","NBA","PF","68","23","24.3","5.4","9.7","0.559","0.2","0.7","0.267","5.3","9.1","0.58","0.568","1","1.7","0.628","2.5","3.8","6.2","4.3","1.1","0.6","2","2.2","12.1","Thaddeus Young","youngth01"
"2020-21",22,"ATL","NBA","PG","63","63","33.7","7.7","17.7","0.438","2.2","6.3","0.343","5.6","11.3","0.491","0.499","7.7","8.7","0.886","0.6","3.3","3.9","9.4","0.8","0.2","4.1","1.8","25.3","Trae Young","youngtr01"
"2020-21",28,"CHO","NBA","C","48","21","20.9","3.8","6.8","0.559","0.1","0.6","0.143","3.7","6.2","0.598","0.565","1.8","2.5","0.714","2.5","4.4","6.8","1.8","0.6","0.4","1.1","2.5","9.4","Cody Zeller","zelleco01"
"2020-21",23,"LAC","NBA","C","72","33","22.3","3.6","5.5","0.652","0","0.1","0.25","3.6","5.4","0.656","0.654","1.9","2.4","0.789","2.6","4.6","7.2","1.3","0.3","0.9","1.1","2.6","9","Ivica Zubac","zubaciv01"
